Date,Time,HomeTeam,AwayTeam,FTHG,FTAG,FTR,HTHG,HTAG,B365H,B365D,B365A,B365>2.5,B365<2.5,HST,AST,HC,AC,HomeXG,AwayXG,Odd_1_HT,Odd_X_HT,Odd_2_HT,BTTS_Yes,BTTS_No,Over_FT_0_5,Under_FT_0_5,Over_FT_1_5,Under_FT_1_5,Over_FT_3_5,Under_FT_3_5,Over_FT_4_5,Under_FT_4_5,DC_1X,DC_12,DC_X2,DNB_1,DNB_2,Over_HT_0_5,Under_HT_0_5,Over_HT_1_5,Under_HT_1_5,Over_HT_2_5,Under_HT_2_5,Over_HT_3_5,Under_HT_3_5,Over_2H_0_5,Under_2H_0_5,Over_2H_1_5,Under_2H_1_5,Over_2H_2_5,Under_2H_2_5,Over_2H_3_5,Under_2H_3_5,Odd_1_2H,Odd_X_2H,Odd_2_2H,odds_win_to_nil_1,odds_win_to_nil_2,odds_corners_over_75,odds_corners_over_85,odds_corners_over_95,odds_corners_over_105,odds_corners_over_115,odds_corners_under_75,odds_corners_under_85,odds_corners_under_95,odds_corners_under_105,odds_corners_under_115,odds_corners_1,odds_corners_x,odds_corners_2
2025-08-31,14:00:00,APOEL,Paphos,0.0,1.0,A,0.0,1.0,3.22,3.25,2.28,1.97,1.73,3.0,2.0,2.0,3.0,1.32,0.76,3.43,2.03,2.8,1.77,1.88,1.03,7.5,1.31,3.1,3.65,1.23,6.6,1.08,1.28,,1.26,,,1.4,2.7,2.94,1.38,8.0,1.08,26.0,1.01,1.25,3.5,2.25,1.57,4.8,1.15,13.0,1.04,3.62,2.4,2.55,5.5,3.8,1.54,1.93,3.18,3.54,5.33,2.28,1.77,1.44,1.21,1.07,2.83,6.88,1.73
2026-01-23,14:00:00,APOEL,Omonia Aradippou,1.0,1.0,D,0.0,0.0,1.3,5.13,8.5,1.75,1.98,5.0,6.0,8.0,4.0,1.77,1.37,1.8,2.46,7.5,2.05,1.7,1.04,12.9,1.25,3.55,3.0,1.33,6.1,1.1,1.17,1.09,3.1,1.0,8.0,1.36,3.13,2.53,1.45,6.5,1.1,19.0,1.01,1.25,3.6,2.1,1.67,4.6,1.17,11.0,1.04,1.67,2.7,7.0,2.05,15.0,1.27,1.52,1.92,2.47,3.34,3.14,2.27,1.77,1.44,1.24,1.22,10.25,5.27
2025-08-31,13:00:00,Ethnikos Achna,Omonia Nicosia,2.0,1.0,H,1.0,0.0,5.05,4.3,1.53,1.6,2.4,5.0,5.0,0.0,7.0,1.11,1.44,4.44,2.34,2.1,1.67,2.13,1.02,16.0,1.18,4.89,2.43,1.45,4.25,1.15,1.16,,1.09,,,1.27,3.4,2.3,1.57,5.0,1.15,13.0,1.02,1.2,5.0,1.85,1.89,3.8,1.29,8.5,1.06,4.7,2.8,1.88,10.0,3.0,1.43,1.77,2.73,3.04,4.42,2.55,1.94,1.56,1.29,1.12,4.0,7.85,1.43
2025-10-18,13:00:00,Enosis,AEK Larnaca,0.0,2.0,A,0.0,1.0,8.0,4.5,1.3,2.02,1.86,0.0,5.0,0.0,8.0,0.3,1.38,9.51,2.53,1.79,2.35,1.48,1.01,8.8,1.3,3.3,3.49,1.27,6.4,1.09,1.13,1.22,1.0,7.0,1.0,1.38,2.9,2.77,1.38,6.7,1.09,21.0,1.01,1.29,3.9,2.11,1.6,4.5,1.18,13.0,1.03,7.5,2.5,1.75,15.0,1.95,1.62,2.05,2.73,3.92,6.07,2.14,1.68,1.37,1.17,1.04,,,
2025-10-18,13:00:00,Anorthosis,Akritas,2.0,2.0,D,1.0,1.0,1.67,3.4,4.45,1.9,1.85,9.0,5.0,4.0,2.0,1.76,1.18,2.27,2.13,5.1,1.94,1.83,1.0,9.0,1.3,3.35,3.64,1.3,6.6,1.08,1.23,1.25,2.18,1.0,4.0,1.4,2.89,3.08,1.37,8.0,1.08,23.0,1.01,1.29,3.8,2.25,1.61,5.0,1.17,13.0,1.03,2.08,2.46,4.69,2.8,7.5,1.26,1.53,2.16,2.42,3.28,3.2,2.31,1.85,1.48,1.25,,,
2026-01-24,14:00:00,Apollon,Akritas,4.0,0.0,H,3.0,0.0,1.26,4.95,7.5,1.74,2.05,9.0,0.0,4.0,4.0,2.0,0.64,1.73,2.4,8.5,2.15,1.62,1.0,9.7,1.21,3.98,2.95,1.33,5.0,1.13,1.17,1.17,3.3,1.0,8.0,1.33,3.18,2.76,1.45,5.7,1.12,13.5,1.01,1.22,3.8,2.05,1.7,4.4,1.18,11.0,1.04,1.57,2.63,7.0,2.05,15.0,1.21,1.45,2.01,2.25,2.98,3.52,2.48,1.92,1.56,1.31,,,
2025-12-06,12:00:00,Olympiakos,Omonia Nicosia,0.0,3.0,A,0.0,1.0,8.55,4.5,1.32,1.64,2.04,2.0,6.0,0.0,3.0,0.98,1.73,5.13,2.25,1.9,1.79,1.79,1.02,14.6,1.17,4.0,2.62,1.42,5.23,1.12,1.18,1.18,1.06,5.0,1.0,1.32,3.05,2.47,1.47,6.0,1.13,19.0,1.01,1.16,4.8,1.91,1.82,3.6,1.26,10.0,1.05,6.35,2.84,1.68,12.0,2.4,,,1.85,,,,,1.85,,,,,
2025-11-29,14:00:00,Anorthosis,APOEL,1.0,1.0,D,1.0,0.0,4.3,3.4,1.8,2.0,1.86,1.0,3.0,2.0,4.0,0.62,1.62,5.0,2.05,2.3,1.85,1.85,1.06,9.0,1.32,3.1,3.34,1.24,7.0,1.08,1.97,1.3,1.2,3.0,1.0,1.41,2.66,2.8,1.36,6.7,1.09,26.0,1.02,1.29,3.5,2.21,1.57,5.0,1.15,13.0,1.03,4.5,2.38,2.15,7.5,2.9,,,,,,,,,,,,,
2025-11-29,12:00:00,Ethnikos Achna,Olympiakos,0.0,1.0,A,0.0,0.0,1.99,3.4,3.2,1.76,1.95,3.0,4.0,4.0,1.0,1.3,1.02,2.43,2.35,3.85,1.66,2.1,1.0,9.3,1.22,3.9,2.74,1.36,5.25,1.09,1.22,1.28,1.7,1.0,3.0,1.33,3.2,2.5,1.44,5.6,1.11,13.0,1.01,1.22,4.0,1.93,1.68,3.8,1.2,10.0,1.05,2.4,2.55,3.55,3.5,6.0,,,,,,,,,,,,,
2026-03-06,14:00:00,AEK Larnaca,Akritas,3.0,0.0,H,2.0,0.0,1.27,4.65,8.0,1.67,2.15,7.0,3.0,8.0,2.0,1.99,1.13,1.69,2.5,9.0,1.95,1.67,1.02,13.8,1.22,4.19,2.52,1.45,4.5,1.17,1.01,,3.6,,,1.27,3.35,2.3,1.51,5.5,1.13,11.5,1.02,1.16,4.6,1.88,1.85,4.0,1.25,10.0,1.05,1.52,3.1,8.5,,,1.66,2.12,3.74,4.13,6.49,2.08,1.64,1.34,1.15,1.03,,,
2025-09-13,14:00:00,Anorthosis,AEK Larnaca,1.0,1.0,D,0.0,1.0,3.85,3.4,1.73,1.9,1.8,2.0,7.0,3.0,5.0,0.74,1.95,4.5,2.15,2.45,1.87,1.91,1.03,9.0,1.3,3.3,3.28,1.28,6.0,1.09,1.28,1.29,1.18,3.0,1.0,1.36,2.73,2.75,1.37,7.5,1.08,23.0,1.01,1.25,3.9,2.2,1.66,4.5,1.18,10.0,1.02,4.3,2.4,2.2,7.5,2.9,,,,,,,,,,,,,
2025-12-05,14:00:00,Enosis,Digenis Ypsonas,0.0,1.0,A,0.0,0.0,3.95,3.15,2.0,2.25,1.61,0.0,5.0,3.0,6.0,0.42,1.43,4.33,2.05,2.6,1.9,1.8,,,,,,,,,,,,3.0,1.0,,,,,,,,,,,,,,,,,3.75,2.37,2.3,6.0,3.25,,,,,,,,,,,,,
2026-01-31,14:00:00,Olympiakos,APOEL,0.0,2.0,A,0.0,0.0,5.23,3.4,1.69,2.0,1.75,2.0,4.0,1.0,7.0,0.79,1.69,5.83,2.06,2.26,1.82,1.79,1.02,8.3,1.28,3.1,3.5,1.3,6.5,1.05,1.26,,1.13,,,1.41,2.66,2.5,1.36,8.0,1.08,26.0,1.01,1.29,3.8,2.2,1.62,5.0,1.15,13.0,1.03,5.05,2.47,1.94,9.0,2.7,1.47,1.85,2.91,3.24,4.77,2.43,1.85,1.5,1.26,1.1,,,
2026-04-17,13:00:00,AEL,Enosis,2.0,1.0,H,0.0,0.0,1.17,6.75,11.0,1.49,2.5,5.0,0.0,9.0,1.0,1.61,0.27,1.51,2.86,8.68,2.22,1.6,1.02,17.0,1.1,5.0,2.07,1.57,4.04,1.22,1.1,,4.8,,,1.21,3.9,2.19,1.62,4.5,1.15,12.0,1.04,1.18,4.5,1.83,1.85,3.4,1.25,8.0,1.06,1.4,3.3,10.5,,,,,,,,,,,,,,,
2025-08-23,14:00:00,Anorthosis,Omonia Aradippou,0.0,0.0,D,0.0,0.0,1.91,3.2,3.25,1.93,1.88,3.0,1.0,6.0,5.0,0.88,0.83,2.43,2.1,4.53,1.79,1.98,1.01,8.9,1.28,3.4,3.2,1.28,5.7,1.08,1.23,1.26,1.84,,,1.36,2.8,2.69,1.43,6.5,1.08,21.0,1.02,1.25,3.75,2.1,1.67,4.6,1.19,12.0,1.02,2.3,2.45,3.7,3.4,7.0,1.22,1.46,2.02,2.26,3.0,3.5,2.47,1.91,1.55,1.3,1.57,7.75,3.24
2025-09-14,13:00:00,Enosis,APOEL,0.0,2.0,A,0.0,1.0,4.75,3.64,1.68,2.0,1.71,1.0,5.0,2.0,6.0,0.59,1.09,6.0,2.09,2.21,2.07,1.71,1.03,8.2,1.3,2.98,3.4,1.25,6.0,1.09,1.26,1.18,1.14,4.0,1.0,1.4,2.76,3.22,1.36,7.0,1.07,26.0,1.01,1.29,3.4,2.24,1.6,4.75,1.15,15.0,1.02,4.75,2.38,1.95,9.0,2.45,,,,,,,,,,,,,
2025-10-19,12:00:00,Digenis Ypsonas,Omonia Nicosia,1.0,2.0,A,1.0,0.0,6.7,4.7,1.39,1.55,2.3,4.0,10.0,1.0,5.0,1.01,2.69,6.0,2.34,1.92,1.67,1.95,1.01,17.5,1.11,5.0,2.44,1.55,3.92,1.22,3.0,1.18,1.11,6.0,1.0,1.25,3.55,2.41,1.44,4.7,1.17,19.0,1.02,1.13,4.2,1.78,1.95,3.2,1.32,8.0,1.07,5.25,2.97,1.67,13.0,2.25,1.28,1.56,2.23,2.49,3.4,3.1,2.25,1.8,1.45,1.23,,,
2025-12-07,12:00:00,APOEL,Aris,2.0,0.0,H,1.0,0.0,2.8,3.0,2.47,1.95,1.86,4.0,8.0,2.0,10.0,1.21,2.22,3.52,2.15,2.83,1.75,2.03,1.01,8.6,1.3,3.08,3.4,1.24,6.75,1.11,1.31,1.35,1.4,2.0,2.0,1.4,2.69,2.85,1.36,7.0,1.09,21.0,1.01,1.25,4.0,2.2,1.61,4.4,1.19,13.0,1.04,3.08,2.3,2.73,4.75,4.2,1.4,1.73,2.62,2.92,4.2,2.64,1.99,1.59,1.32,1.14,,,
2026-01-25,11:00:00,Anorthosis,AEL,2.0,1.0,H,0.0,1.0,2.36,3.1,2.68,2.35,1.53,4.0,1.0,3.0,0.0,1.74,0.53,3.05,2.07,3.7,1.91,1.84,1.04,6.8,1.39,2.59,4.25,1.22,6.4,1.04,1.36,1.25,1.5,2.0,2.0,1.5,2.39,3.2,1.28,8.4,1.05,34.0,1.01,1.31,3.1,2.47,1.47,6.0,1.11,17.0,1.03,2.8,2.21,3.32,4.0,4.8,,1.7,,,,,2.05,,,,,,
2025-09-13,13:00:00,Omonia Nicosia,Akritas,3.0,0.0,H,2.0,0.0,1.24,5.5,8.5,1.52,2.1,6.0,4.0,4.0,2.0,1.63,1.02,1.62,2.54,8.5,2.32,1.47,1.0,18.5,1.17,4.5,2.4,1.53,3.86,1.14,1.13,1.14,3.88,1.0,7.0,1.25,4.0,2.25,1.5,5.0,1.13,11.0,1.03,1.12,5.7,1.85,1.83,3.6,1.25,8.5,1.07,1.47,3.2,8.5,2.0,21.0,,,,,,,,,,,,,
2025-11-30,12:00:00,Digenis Ypsonas,Paphos,2.0,3.0,A,0.0,2.0,8.0,4.6,1.31,1.82,1.95,2.0,6.0,5.0,3.0,1.27,1.38,8.8,2.45,1.75,2.02,1.56,1.04,11.9,1.25,3.75,3.28,1.32,5.5,1.13,1.17,1.13,1.05,7.0,1.0,1.35,2.9,2.62,1.42,6.2,1.1,21.0,1.02,1.21,4.1,2.1,1.67,4.6,1.18,11.0,1.04,6.5,2.85,1.7,15.0,2.05,1.47,1.85,2.36,3.24,4.77,2.43,1.86,1.5,1.26,1.1,,,
2026-01-24,11:00:00,Digenis Ypsonas,Ethnikos Achna,1.0,0.0,H,0.0,0.0,2.37,3.1,2.85,2.0,1.7,6.0,1.0,5.0,5.0,1.48,0.72,2.8,2.02,3.4,1.77,2.0,1.03,7.6,1.3,3.1,3.5,1.24,7.0,1.11,1.33,1.28,1.57,2.0,2.0,1.43,2.75,2.85,1.34,8.0,1.08,26.0,1.01,1.24,3.5,2.2,1.61,4.8,1.17,12.0,1.03,2.63,2.35,3.25,4.0,5.0,1.4,1.73,2.62,2.92,4.2,2.64,1.99,1.59,1.32,1.14,,,
2025-11-30,14:00:00,AEL,Apollon,2.0,2.0,D,1.0,0.0,2.9,3.3,2.05,2.05,1.7,4.0,5.0,4.0,2.0,1.24,1.26,3.45,2.02,2.74,1.75,1.77,1.01,8.3,1.29,3.1,3.5,1.25,5.97,1.04,1.28,1.26,1.3,3.0,2.0,1.42,2.65,2.8,1.36,8.0,1.08,26.0,1.01,1.29,3.4,2.25,1.57,5.0,1.15,13.0,1.03,3.5,2.3,2.6,5.8,3.5,1.17,1.38,1.87,2.09,2.7,3.92,2.7,2.05,1.66,1.38,,,
2025-10-18,13:00:00,Apollon,Omonia Aradippou,1.0,0.0,H,0.0,0.0,1.44,3.75,7.0,2.0,1.73,4.0,2.0,5.0,4.0,1.59,1.04,2.0,2.14,6.9,2.39,1.62,1.03,10.5,1.35,3.2,3.28,1.26,6.8,1.1,1.21,1.18,2.6,1.0,6.0,1.41,2.69,2.84,1.36,6.9,1.08,26.0,1.01,1.29,3.8,2.25,1.63,5.0,1.15,13.0,1.03,1.77,2.6,6.6,2.25,12.0,1.16,1.36,1.66,2.05,2.64,4.05,2.77,2.09,1.69,1.4,,,
2025-10-25,13:00:00,Olympiakos,Apollon,2.0,2.0,D,1.0,0.0,6.3,3.6,1.62,2.25,1.63,2.0,7.0,4.0,9.0,0.92,1.84,5.6,2.04,2.26,2.04,1.57,1.03,8.0,1.38,2.78,3.76,1.27,7.1,1.07,1.25,1.28,1.14,4.0,1.0,1.4,2.65,3.05,1.32,7.4,1.07,26.0,1.01,1.28,3.28,2.32,1.53,5.0,1.15,15.0,1.03,4.8,2.3,2.2,7.5,2.7,,,,,,,,,,,,,
2025-12-01,14:00:00,Akritas,AEK Larnaca,1.0,1.0,D,1.0,1.0,6.5,4.65,1.32,1.85,1.85,3.0,8.0,2.0,5.0,0.67,2.28,8.05,2.3,1.9,2.18,1.65,1.01,8.5,1.3,3.46,3.14,1.3,6.51,1.11,1.2,1.11,1.08,7.0,1.0,1.4,2.69,2.8,1.38,7.0,1.09,23.0,1.01,1.25,3.5,2.2,1.62,5.0,1.15,13.0,1.04,6.5,2.67,1.8,13.0,2.15,1.53,1.92,2.47,3.49,5.25,2.3,1.78,1.44,1.22,1.08,6.65,9.8,1.22
2025-12-01,14:00:00,Omonia Nicosia,Omonia Aradippou,3.0,1.0,H,3.0,0.0,1.18,6.1,14.0,1.55,2.24,6.0,4.0,5.0,3.0,1.55,1.06,1.62,2.94,10.0,2.02,1.6,1.01,17.5,1.12,4.4,2.38,1.55,4.2,1.18,1.0,1.1,4.2,1.0,8.0,1.28,3.28,2.3,1.59,5.0,1.15,11.5,1.03,1.2,4.33,1.78,1.95,3.8,1.22,9.0,1.06,1.4,3.1,9.5,1.85,21.0,1.2,1.44,1.75,2.16,2.92,3.6,2.52,1.96,1.57,1.32,1.18,9.8,7.3
2025-09-14,13:00:00,AEL,Ethnikos Achna,2.0,2.0,D,0.0,1.0,2.05,3.4,3.44,1.8,1.98,6.0,7.0,8.0,6.0,1.51,1.53,2.5,2.29,3.75,1.62,2.1,1.01,10.0,1.22,3.93,3.02,1.38,5.2,1.14,1.3,1.19,1.83,1.0,3.0,1.36,3.1,2.59,1.44,5.8,1.11,19.0,1.01,1.22,4.4,2.05,1.75,4.0,1.18,9.0,1.03,2.3,2.5,3.75,3.6,6.5,,,,,,,,,,,,,
2025-09-13,14:00:00,Paphos,Apollon,0.0,1.0,A,0.0,0.0,1.36,4.0,6.25,1.86,1.78,3.0,3.0,2.0,0.0,0.81,1.01,1.98,2.2,7.0,2.16,1.6,1.02,8.1,1.3,3.3,3.28,1.25,5.75,1.11,1.16,1.21,2.42,1.0,6.0,1.41,2.88,2.62,1.37,6.0,1.09,23.0,1.02,1.25,3.6,2.1,1.65,4.7,1.17,13.0,1.02,1.83,2.75,6.2,2.25,11.0,,,,,,,,,,,,,
2026-02-01,11:00:00,Omonia Nicosia,Digenis Ypsonas,1.0,0.0,H,0.0,0.0,1.2,6.0,13.75,1.45,2.35,7.0,2.0,8.0,4.0,2.16,0.77,1.56,2.74,10.5,2.15,1.63,1.01,17.5,1.12,4.95,2.29,1.55,3.78,1.19,1.08,,4.5,,,1.22,4.0,2.21,1.61,4.75,1.17,12.0,1.04,1.13,5.4,1.8,2.02,3.1,1.33,8.0,1.07,1.4,3.44,10.4,1.95,23.0,1.26,1.52,1.85,2.4,3.24,3.24,2.32,1.85,1.49,1.26,,,
2026-03-07,13:00:00,Paphos,Digenis Ypsonas,7.0,0.0,H,4.0,0.0,1.35,4.35,6.3,1.78,1.98,14.0,1.0,7.0,5.0,3.26,0.99,1.84,2.38,8.19,2.0,1.69,1.0,12.0,1.21,3.58,2.83,1.33,5.3,1.09,1.16,,2.96,,,1.32,3.05,2.56,1.44,6.5,1.11,19.0,1.02,1.18,4.3,2.02,1.73,4.4,1.18,11.0,1.04,1.66,2.62,7.0,,,1.53,1.92,3.13,3.48,5.22,2.31,1.79,1.45,1.22,1.08,,,
2025-08-23,13:00:00,Aris,Apollon,3.0,1.0,H,1.0,0.0,1.61,3.85,4.55,1.8,1.84,4.0,5.0,3.0,9.0,1.18,1.13,2.15,2.25,5.0,1.8,1.95,1.05,11.0,1.25,3.6,3.0,1.36,5.7,1.08,1.16,1.26,2.2,,,1.35,3.14,2.6,1.44,6.0,1.11,19.0,1.02,1.2,4.2,2.05,1.72,3.9,1.22,9.0,1.03,1.98,2.58,4.5,2.8,8.5,1.49,1.86,2.99,3.32,4.93,2.38,1.84,1.48,1.24,1.09,1.48,7.55,3.74
2025-10-19,13:00:00,Aris,AEL,4.0,0.0,H,0.0,0.0,1.33,4.9,8.0,1.55,2.17,11.0,1.0,6.0,3.0,2.68,0.48,1.72,2.72,7.5,2.0,1.8,1.01,16.5,1.14,4.8,2.47,1.48,4.2,1.15,1.16,1.08,3.12,1.0,6.0,1.27,3.35,2.46,1.53,5.0,1.15,12.0,1.02,1.15,5.0,1.83,1.9,3.8,1.29,9.0,1.06,1.6,3.02,6.9,2.25,15.0,1.17,1.38,1.92,2.09,2.71,3.91,2.69,2.05,1.66,1.37,,,
2026-01-25,14:00:00,Paphos,AEK Larnaca,1.0,2.0,A,0.0,1.0,2.45,2.95,2.87,2.2,1.65,3.0,6.0,5.0,1.0,1.62,1.26,3.16,2.05,3.6,1.84,1.85,1.03,7.5,1.34,2.88,3.81,1.19,7.5,1.03,1.33,1.3,1.53,2.0,2.0,1.43,2.47,3.1,1.31,7.9,1.06,29.0,1.01,1.3,3.2,2.25,1.53,5.1,1.13,15.0,1.03,2.75,2.27,3.3,3.75,5.0,,2.05,,,,,1.7,,,,,,
2026-03-15,15:30:00,Omonia Nicosia,Olympiakos,5.0,0.0,H,3.0,0.0,1.32,4.8,8.2,1.7,2.19,8.0,2.0,3.0,4.0,1.6,1.06,1.72,2.53,8.0,1.95,1.62,1.03,13.0,1.17,4.18,2.73,1.4,4.5,1.13,1.18,,3.0,,,1.29,3.3,2.39,1.5,5.8,1.11,15.0,1.02,1.2,4.0,1.91,1.82,3.4,1.2,10.0,1.05,1.67,3.15,7.2,,,1.34,1.67,2.41,2.69,3.76,2.85,2.05,1.68,1.38,1.18,,,
2025-10-26,14:00:00,AEL,Digenis Ypsonas,1.0,0.0,H,0.0,0.0,1.8,3.55,4.0,1.92,1.85,2.0,2.0,5.0,4.0,0.74,0.87,2.2,2.15,4.32,1.87,1.93,1.01,8.8,1.3,3.22,3.14,1.32,5.8,1.07,1.18,1.25,1.91,1.0,3.0,1.35,2.99,2.45,1.4,6.5,1.09,21.0,1.02,1.25,3.6,1.98,1.65,4.8,1.17,12.0,1.04,2.18,2.45,3.95,3.3,7.5,,,1.8,,,,,1.91,,,,,
2025-09-15,13:00:00,Digenis Ypsonas,Omonia Aradippou,2.0,0.0,H,1.0,0.0,1.93,3.0,3.7,2.2,1.63,5.0,2.0,1.0,2.0,1.07,0.87,2.65,1.96,4.02,1.95,1.83,1.03,7.2,1.38,2.75,3.94,1.22,8.0,1.05,1.3,1.35,1.85,2.0,3.0,1.48,2.5,3.2,1.3,7.7,1.06,29.0,1.01,1.29,3.28,2.45,1.48,5.8,1.12,17.0,1.0,2.7,2.25,3.5,3.2,5.8,1.2,1.42,1.94,2.19,2.85,3.7,2.58,1.98,1.57,1.34,1.7,8.5,2.5
2025-10-04,11:00:00,Olympiakos,Enosis,1.0,1.0,D,0.0,0.0,1.9,3.25,3.75,2.24,1.57,4.0,4.0,6.0,2.0,1.27,1.04,2.62,1.96,4.33,2.12,1.72,1.05,6.6,1.45,2.55,4.1,1.18,8.0,1.05,1.36,1.3,1.77,1.0,3.0,1.44,2.5,3.28,1.29,8.4,1.05,,,1.32,3.1,2.47,1.48,5.7,1.11,17.0,1.02,2.45,2.27,4.33,3.2,5.0,,1.8,,,,,1.91,,,,,,
2026-05-06,13:00:00,Paphos,Omonia Nicosia,0.0,2.0,A,0.0,0.0,1.4,4.85,6.5,1.62,2.2,6.0,7.0,4.0,3.0,1.69,1.71,2.15,2.38,4.5,1.62,2.2,1.03,13.0,1.18,4.33,2.5,1.44,4.5,1.18,1.22,,2.15,,,1.26,3.42,2.34,1.52,5.2,1.11,15.0,1.02,1.18,4.2,1.85,1.85,3.5,1.22,8.5,1.06,2.0,2.72,4.4,,,1.3,1.58,2.27,2.53,3.48,3.04,2.21,1.75,1.43,1.22,,,
2026-05-06,13:00:00,AEK Larnaca,Apollon,1.0,0.0,H,1.0,0.0,1.73,3.35,4.6,2.0,1.73,5.0,6.0,5.0,1.0,1.45,1.29,2.45,2.1,4.33,1.75,1.95,1.06,8.5,1.33,3.1,3.6,1.25,7.0,1.05,1.33,,1.75,,,1.43,2.59,2.85,1.36,7.1,1.05,26.0,1.01,1.29,3.4,2.19,1.57,5.0,1.14,13.0,1.03,2.45,2.25,3.8,,,1.32,1.62,2.35,2.62,3.65,2.92,2.15,1.71,1.4,1.2,,,
2026-04-27,13:00:00,AEL,Anorthosis,0.0,1.0,A,0.0,1.0,2.69,3.32,2.46,1.95,1.75,2.0,5.0,7.0,6.0,1.05,1.5,3.22,2.09,3.1,1.7,2.01,1.05,9.5,1.3,3.1,3.5,1.25,6.54,1.08,1.33,,1.44,,,1.39,2.97,2.96,1.38,6.7,1.08,23.0,1.02,1.22,3.5,2.15,1.62,4.8,1.16,13.0,1.04,2.9,2.39,2.88,,,1.46,1.83,2.31,3.14,4.71,2.45,1.88,1.5,1.27,1.1,1.54,7.42,2.86
2026-05-09,12:00:00,Enosis,Ethnikos Achna,1.0,3.0,A,0.0,1.0,9.5,6.0,1.22,1.5,2.5,2.0,2.0,5.0,2.0,0.85,0.8,10.0,2.7,1.53,2.0,1.7,1.03,14.5,1.15,4.8,2.3,1.53,3.75,1.22,4.3,,1.04,,,1.2,4.0,2.1,1.62,4.4,1.16,11.0,1.04,1.18,4.4,1.73,1.85,3.6,1.25,8.0,1.06,8.5,3.0,1.53,,,1.36,1.67,2.48,2.77,3.91,2.77,2.07,1.65,1.36,1.17,,,
2026-01-26,14:00:00,Enosis,Olympiakos,0.0,2.0,A,0.0,2.0,6.4,3.8,1.44,2.25,1.57,1.0,4.0,1.0,11.0,0.95,1.75,7.73,2.18,2.05,2.43,1.5,1.08,7.5,1.4,2.7,4.4,1.18,9.5,1.05,1.25,1.2,1.08,5.0,1.0,1.44,2.59,3.1,1.31,8.5,1.05,29.0,1.01,1.36,3.16,2.5,1.46,6.5,1.1,19.0,1.02,7.04,2.41,1.82,10.0,2.1,1.49,1.87,3.0,3.32,4.94,2.38,1.83,1.48,1.24,1.09,,,
2026-03-08,11:00:00,Enosis,Aris,0.0,4.0,A,0.0,1.0,17.0,9.75,1.08,1.36,3.04,3.0,8.0,1.0,11.0,0.62,2.18,11.08,3.4,1.3,2.76,1.39,1.01,25.0,1.09,6.7,1.88,1.88,2.83,1.33,8.8,,1.02,,,1.16,4.33,1.92,1.85,3.6,1.24,7.7,1.05,1.07,6.8,1.53,2.31,2.9,1.4,6.0,1.1,15.0,4.2,1.22,,,1.23,1.48,1.83,2.31,3.09,3.39,2.41,1.83,1.53,1.28,,,
2026-03-08,12:00:00,APOEL,Anorthosis,0.0,2.0,A,0.0,0.0,1.61,3.6,4.5,1.99,1.8,7.0,1.0,10.0,2.0,1.61,0.73,2.2,2.15,5.65,1.7,1.8,1.01,8.8,1.3,3.38,3.51,1.26,6.25,1.06,1.1,,1.97,,,1.41,2.77,2.8,1.38,7.5,1.08,23.0,1.01,1.25,3.4,2.2,1.64,4.3,1.15,13.0,1.03,2.01,2.49,4.85,,,1.36,1.67,2.1,2.77,3.91,2.77,2.07,1.65,1.36,1.17,,,
2025-11-29,12:00:00,Aris,Enosis,4.0,0.0,H,1.0,0.0,1.05,11.0,28.0,1.33,2.9,6.0,6.0,5.0,5.0,1.68,1.18,1.38,3.4,19.0,2.8,1.36,1.01,22.0,1.11,6.0,1.93,1.75,2.88,1.33,1.03,1.02,7.1,1.0,12.0,1.14,5.2,1.92,1.86,3.9,1.22,9.5,1.06,1.14,5.0,1.53,2.32,2.45,1.48,6.5,1.1,1.25,4.0,19.5,1.53,46.0,1.3,1.59,2.29,2.55,3.52,3.01,2.2,1.74,1.42,1.21,,,
2025-09-21,13:00:00,Apollon,Enosis,3.0,0.0,H,0.0,0.0,1.47,4.05,6.75,2.2,1.62,7.0,3.0,3.0,8.0,1.68,0.73,2.08,2.25,7.41,2.27,1.6,1.03,7.5,1.35,2.8,4.0,1.2,7.0,1.06,1.25,1.19,2.47,1.0,4.0,1.4,2.7,3.0,1.33,7.6,1.06,26.0,1.01,1.33,3.0,2.5,1.44,5.1,1.14,17.0,1.03,1.89,2.3,6.0,2.2,10.0,1.82,2.38,4.62,5.05,5.7,1.88,1.5,1.24,1.09,1.09,1.26,8.75,6.04
2025-10-27,14:00:00,Omonia Nicosia,Paphos,2.0,1.0,H,0.0,1.0,2.6,3.2,2.66,1.85,1.85,7.0,2.0,10.0,0.0,1.99,0.6,2.89,2.27,3.15,1.73,2.28,1.05,10.0,1.24,3.34,2.9,1.32,5.75,1.11,1.33,1.28,1.48,2.0,2.0,1.38,2.8,2.62,1.42,7.0,1.1,23.0,1.02,1.21,3.75,2.1,1.67,4.6,1.18,11.0,1.04,2.8,2.3,3.0,4.33,4.8,1.32,1.62,1.97,2.56,3.5,3.05,2.2,1.73,1.41,1.22,2.0,6.96,2.19
2025-09-20,13:00:00,Akritas,APOEL,0.0,4.0,A,0.0,2.0,5.5,3.85,1.47,1.94,1.91,0.0,8.0,2.0,10.0,0.38,1.7,6.0,2.25,2.05,1.91,1.84,1.0,9.3,1.24,3.65,2.88,1.33,5.8,1.07,1.25,1.2,1.1,4.0,1.0,1.35,2.94,2.65,1.42,6.2,1.08,23.0,1.01,1.25,3.6,1.98,1.65,4.2,1.17,12.0,1.04,5.0,2.45,1.83,9.5,2.5,2.02,2.72,3.99,6.37,6.0,1.71,1.37,1.16,1.03,1.08,4.72,7.55,1.37
2025-09-21,13:00:00,Omonia Aradippou,Paphos,0.0,2.0,A,0.0,0.0,9.5,4.5,1.3,1.91,1.87,3.0,6.0,5.0,9.0,1.03,1.7,8.0,2.38,1.9,2.39,1.53,1.01,12.0,1.23,3.28,2.95,1.27,6.0,1.06,1.18,1.15,1.05,7.0,1.0,1.36,3.03,2.48,1.4,6.2,1.08,23.0,1.02,1.21,4.1,2.14,1.66,5.0,1.2,13.0,1.03,6.75,2.75,1.73,17.0,1.73,1.96,2.63,5.52,6.0,6.3,1.75,1.4,1.18,1.05,1.07,8.7,10.3,1.15
2026-01-31,12:00:00,AEK Larnaca,Enosis,5.0,0.0,H,3.0,0.0,1.05,11.0,21.0,1.32,3.23,8.0,1.0,7.0,0.0,1.97,0.36,1.3,3.65,18.0,2.93,1.35,1.01,23.0,1.06,6.15,1.87,1.88,2.74,1.35,1.0,,8.7,,,1.18,4.33,1.96,1.86,3.6,1.22,8.3,1.06,1.08,7.0,1.53,2.32,2.62,1.42,6.5,1.1,1.25,4.75,18.5,1.4,61.0,1.3,1.59,1.97,2.55,3.52,3.01,2.2,1.73,1.42,1.21,,,
2025-09-15,13:00:00,Aris,Olympiakos,2.0,0.0,H,1.0,0.0,1.37,4.85,7.7,1.66,2.15,9.0,4.0,2.0,5.0,2.13,0.99,1.83,2.62,7.2,2.29,1.81,1.02,14.8,1.15,4.2,2.68,1.45,4.75,1.12,1.07,1.11,2.88,1.0,8.0,1.28,3.34,2.38,1.51,5.5,1.14,12.5,1.01,1.22,4.0,1.83,1.91,3.6,1.2,10.0,1.05,1.73,2.9,6.45,2.3,13.0,1.28,1.52,1.85,2.37,3.07,3.2,2.36,1.85,1.55,1.32,1.34,9.9,4.6
2025-12-05,13:00:00,Paphos,Akritas,4.0,0.0,H,2.0,0.0,1.18,6.5,12.0,1.6,2.33,5.0,4.0,5.0,6.0,1.77,1.22,1.62,2.62,9.0,2.33,1.52,1.0,16.0,1.19,3.98,2.46,1.43,4.25,1.15,1.12,1.1,4.6,1.0,9.0,1.29,3.2,2.39,1.46,5.0,1.14,13.0,1.01,1.2,4.2,1.9,1.7,3.5,1.22,9.5,1.06,1.44,3.26,9.9,1.8,21.0,1.4,1.73,2.62,2.92,4.2,2.64,1.99,1.59,1.32,1.14,,,
2025-09-22,13:00:00,Omonia Nicosia,AEL,5.0,0.0,H,1.0,0.0,1.31,4.4,8.0,1.68,2.16,2.0,1.0,5.0,1.0,0.98,0.61,1.81,2.35,7.0,1.91,1.69,1.03,14.4,1.17,4.31,2.7,1.46,4.98,1.12,1.02,1.14,3.1,1.0,5.0,1.3,3.3,2.44,1.5,5.8,1.13,12.0,1.02,1.22,4.0,1.9,1.84,3.6,1.26,10.0,1.05,1.65,2.95,7.3,2.3,17.0,,,,,,,,,,,,,
2026-01-31,11:00:00,Ethnikos Achna,Paphos,2.0,1.0,H,1.0,0.0,7.0,4.4,1.4,1.66,2.16,5.0,6.0,1.0,8.0,1.2,1.68,6.0,2.55,1.85,1.92,1.84,1.02,14.8,1.21,4.1,2.52,1.46,4.9,1.17,1.12,,1.03,,,1.28,3.28,2.39,1.5,6.0,1.14,17.0,1.02,1.16,4.8,1.89,1.83,3.5,1.27,9.0,1.06,5.75,2.85,1.7,13.0,2.45,1.36,1.67,2.48,2.77,3.91,2.77,2.07,1.65,1.36,1.17,,,
2026-03-14,12:00:00,AEL,Omonia Aradippou,1.0,2.0,A,0.0,1.0,2.0,3.1,3.2,2.04,1.75,5.0,5.0,5.0,4.0,1.48,1.44,2.68,2.19,4.39,1.8,1.95,1.01,8.7,1.25,3.05,3.64,1.22,7.1,1.09,1.34,,1.77,,,1.41,2.66,3.08,1.36,8.0,1.06,26.0,1.01,1.24,3.3,2.25,1.57,5.0,1.15,13.0,1.03,2.35,2.38,3.78,,,1.4,1.73,2.62,2.92,4.2,2.64,1.99,1.59,1.32,1.14,,,
2026-02-01,14:00:00,AEL,Aris,2.0,1.0,H,0.0,1.0,5.55,3.5,1.55,1.86,1.81,3.0,2.0,4.0,5.0,0.76,1.44,4.8,2.16,2.23,1.88,1.87,1.02,11.4,1.27,3.42,3.13,1.3,5.1,1.08,1.24,,1.09,,,1.36,2.85,2.85,1.42,6.5,1.1,14.0,1.02,1.19,3.6,2.06,1.7,4.6,1.21,11.0,1.04,4.9,2.57,1.93,9.0,2.62,1.17,1.38,1.7,2.09,2.7,3.92,2.7,2.05,1.66,1.38,,,
2026-01-30,14:00:00,Omonia Aradippou,Apollon,0.0,1.0,A,0.0,1.0,3.7,3.3,1.85,2.02,1.75,0.0,3.0,2.0,6.0,0.84,0.87,4.8,2.03,2.38,2.03,1.73,1.03,7.6,1.3,3.0,3.34,1.24,6.35,1.07,1.28,,1.18,,,1.4,2.7,2.95,1.35,7.5,1.08,23.0,1.01,1.24,3.28,2.55,1.45,4.8,1.17,13.0,1.03,4.33,2.41,2.15,7.0,2.9,1.26,1.53,1.9,2.42,3.28,3.2,2.3,1.81,1.48,1.25,,,
2025-12-06,14:00:00,AEK Larnaca,Ethnikos Achna,2.0,1.0,H,1.0,0.0,1.3,5.24,7.2,1.57,2.3,8.0,2.0,7.0,3.0,2.42,0.61,1.77,2.6,6.18,1.85,1.88,1.03,15.0,1.13,4.78,2.42,1.5,4.0,1.17,1.12,1.11,3.2,1.0,7.0,1.28,3.28,2.27,1.62,5.0,1.15,13.0,1.02,1.14,4.4,1.79,1.85,3.3,1.25,8.5,1.07,1.62,3.0,6.5,2.3,17.0,,1.85,,,,,1.85,,,,,,
2025-11-01,14:00:00,APOEL,Ethnikos Achna,4.0,1.0,H,0.0,1.0,1.33,5.0,8.4,1.73,2.05,0.0,1.0,4.0,0.0,0.69,0.58,1.87,2.41,6.95,2.05,1.73,1.0,13.0,1.19,3.9,2.88,1.36,5.0,1.17,1.11,1.15,3.2,1.0,7.0,1.3,3.2,2.45,1.48,5.6,1.12,17.0,1.01,1.22,3.8,1.91,1.8,4.33,1.2,11.0,1.05,1.6,2.8,7.5,2.1,17.0,,,,,,,,,,,,,
2025-12-13,13:00:00,APOEL,Digenis Ypsonas,0.0,0.0,D,0.0,0.0,1.24,5.25,10.0,1.74,2.1,6.0,3.0,5.0,5.0,1.78,1.13,1.7,2.47,7.24,2.05,1.7,1.03,13.9,1.23,4.05,2.38,1.43,5.05,1.13,1.15,1.1,3.6,1.0,9.0,1.3,3.16,2.55,1.5,5.8,1.13,15.0,1.01,1.17,4.7,1.76,1.86,4.0,1.25,10.0,1.05,1.57,3.06,8.5,1.95,19.0,,1.85,,,,,1.85,,,,,,
2025-09-17,13:00:00,Omonia Nicosia,AEK Larnaca,1.0,0.0,H,0.0,0.0,2.3,3.0,2.82,1.9,1.85,3.0,1.0,5.0,3.0,1.31,0.78,3.0,2.2,3.4,1.65,2.14,1.01,8.3,1.25,3.4,3.23,1.3,5.3,1.11,1.25,1.3,1.51,2.0,2.0,1.38,3.0,2.6,1.4,6.5,1.1,21.0,1.02,1.25,3.75,2.05,1.73,4.2,1.18,11.0,1.04,2.7,2.4,3.05,4.33,5.0,1.32,1.62,2.35,2.62,3.64,2.93,2.15,1.71,1.4,1.2,2.12,6.97,2.14
2026-04-04,13:00:00,Omonia Aradippou,AEL,0.0,3.0,A,0.0,1.0,2.55,2.9,3.02,2.17,1.68,4.0,4.0,0.0,3.0,1.51,1.38,3.35,2.02,3.72,1.65,1.92,1.05,6.4,1.32,2.88,3.65,1.24,5.6,1.08,1.39,,1.43,,,1.51,2.36,2.95,1.34,7.7,1.05,26.0,1.01,1.26,3.5,2.21,1.61,5.1,1.13,13.0,1.03,2.84,2.3,2.88,,,1.32,1.62,2.35,2.62,3.65,2.92,2.15,1.71,1.4,1.2,,,
2025-10-25,11:30:00,Ethnikos Achna,Enosis,5.0,1.0,H,4.0,1.0,1.8,3.4,3.9,2.04,1.71,0.0,2.0,5.0,1.0,0.62,0.67,2.35,2.1,4.4,1.91,1.88,1.04,8.5,1.3,3.1,3.51,1.24,6.4,1.09,1.12,1.27,1.93,1.0,3.0,1.4,2.85,2.85,1.36,6.9,1.07,26.0,1.01,1.25,3.6,2.23,1.53,4.7,1.16,10.0,1.03,2.16,2.41,4.49,2.9,7.0,,,,,,,,,,,,,
2026-04-14,11:00:00,Aris,Paphos,1.0,1.0,D,1.0,0.0,2.8,3.3,1.99,1.71,2.08,5.0,4.0,4.0,6.0,1.56,1.14,3.3,2.2,2.66,1.61,2.2,1.0,10.6,1.18,3.84,2.62,1.38,5.14,1.12,1.23,,1.27,,,1.31,3.3,2.44,1.5,5.8,1.09,17.0,1.02,1.18,4.3,1.95,1.8,4.0,1.22,10.0,1.05,3.25,2.56,2.44,,,1.24,1.47,2.05,2.36,3.06,3.34,2.39,1.89,1.48,1.29,3.14,7.65,1.6
2026-03-07,12:00:00,Olympiakos,Ethnikos Achna,2.0,1.0,H,1.0,0.0,2.25,3.15,3.05,1.99,1.78,4.0,1.0,3.0,2.0,1.41,0.98,3.02,2.09,3.82,1.77,1.94,1.02,8.0,1.29,3.04,3.34,1.24,7.01,1.05,1.3,,1.59,,,1.34,2.69,2.85,1.36,8.0,1.08,26.0,1.01,1.23,3.7,2.23,1.6,4.4,1.17,13.0,1.03,2.45,2.45,3.35,,,1.47,1.84,2.36,3.24,4.77,2.43,1.86,1.5,1.26,1.1,,,
2026-02-01,12:00:00,Akritas,Anorthosis,2.0,0.0,H,1.0,0.0,4.33,3.3,1.75,2.11,1.69,4.0,3.0,4.0,6.0,1.48,1.21,5.03,2.06,2.4,1.93,1.78,1.01,8.8,1.31,2.92,3.3,1.25,7.8,1.1,1.3,,1.18,,,1.44,2.66,3.05,1.32,7.3,1.07,26.0,1.02,1.26,3.42,2.3,1.53,5.5,1.15,15.0,1.03,4.33,2.36,2.19,7.0,2.88,1.47,1.84,2.91,3.24,4.77,2.43,1.86,1.5,1.26,1.1,,,
2026-03-08,11:00:00,Apollon,AEL,2.0,1.0,H,0.0,1.0,1.53,3.65,5.2,2.0,1.79,6.0,3.0,8.0,2.0,2.16,0.8,2.13,2.13,5.03,1.95,1.7,1.02,10.0,1.25,3.14,3.34,1.29,6.7,1.05,1.14,,1.97,,,1.38,2.77,2.85,1.36,6.5,1.08,23.0,1.01,1.23,3.7,2.19,1.62,5.0,1.17,13.0,1.03,1.9,2.51,5.35,,,1.21,1.45,2.01,2.25,2.98,3.52,2.48,1.9,1.56,1.31,,,
2026-03-15,14:00:00,Aris,APOEL,1.0,2.0,A,0.0,1.0,1.99,3.5,3.4,1.88,1.85,8.0,5.0,7.0,5.0,2.22,1.34,2.5,2.19,3.8,1.7,2.05,1.0,9.3,1.27,3.77,3.1,1.35,6.0,1.12,1.25,,1.8,,,1.36,2.95,2.62,1.43,5.7,1.1,21.0,1.01,1.25,3.7,2.05,1.67,3.9,1.18,11.0,1.04,2.28,2.49,3.6,,,1.26,1.53,1.9,2.42,3.28,3.2,2.3,1.81,1.48,1.25,,,
2026-02-09,14:00:00,Omonia Aradippou,Akritas,2.0,0.0,H,1.0,0.0,1.83,3.42,3.8,2.04,1.72,5.0,0.0,1.0,4.0,1.61,0.37,2.43,2.15,4.85,1.85,1.85,1.01,8.3,1.35,3.0,3.7,1.25,6.8,1.08,1.3,,1.85,,,1.43,2.66,2.9,1.35,6.7,1.07,26.0,1.01,1.29,3.3,2.25,1.57,4.6,1.14,13.0,1.03,2.25,2.4,3.8,,,1.34,1.67,2.47,2.75,3.88,2.83,2.07,1.65,1.36,1.17,1.39,8.2,4.24
2025-10-26,12:00:00,Akritas,Omonia Aradippou,0.0,1.0,A,0.0,1.0,2.52,2.88,2.85,2.25,1.58,4.0,4.0,4.0,3.0,1.34,1.43,3.37,1.96,3.52,1.92,1.83,1.06,7.25,1.37,2.83,4.15,1.16,8.9,1.04,1.28,1.36,1.41,2.0,2.0,1.5,2.55,3.22,1.3,8.0,1.05,29.0,1.01,1.3,3.16,2.5,1.48,5.25,1.12,17.0,1.02,2.88,2.23,3.18,4.0,4.6,,,1.91,,,,,1.8,,,,,
2025-09-19,13:00:00,Olympiakos,Digenis Ypsonas,1.0,1.0,D,1.0,0.0,2.8,3.0,2.35,2.25,1.57,3.0,2.0,3.0,2.0,1.0,1.27,2.9,2.09,3.0,1.85,1.83,1.08,7.5,1.35,2.94,4.4,1.18,9.5,1.03,1.32,1.28,1.56,2.0,2.0,1.44,2.63,3.1,1.33,7.9,1.06,29.0,1.01,1.3,3.22,2.44,1.49,6.0,1.13,17.0,1.03,3.22,2.26,2.9,4.4,4.2,1.42,1.73,2.5,2.75,3.72,2.65,2.0,1.64,1.39,1.21,2.14,7.7,1.95
2025-10-26,14:00:00,Anorthosis,Aris,1.0,1.0,D,1.0,1.0,6.24,4.0,1.47,1.75,2.05,4.0,6.0,6.0,6.0,1.05,1.7,7.08,2.53,1.91,1.89,1.75,1.01,13.5,1.21,3.9,2.74,1.4,5.0,1.15,1.17,1.17,1.06,5.0,1.0,1.31,3.1,2.64,1.46,5.6,1.12,19.0,1.02,1.18,4.5,2.05,1.8,4.0,1.2,11.0,1.05,5.75,2.75,1.73,11.0,2.5,,,1.85,,,,,1.85,,,,,
2025-11-01,14:00:00,Enosis,Omonia Nicosia,0.0,2.0,A,0.0,2.0,10.0,5.5,1.24,1.62,2.2,5.0,7.0,3.0,6.0,1.2,1.65,8.0,2.5,1.67,2.0,1.67,1.04,13.0,1.18,4.5,2.38,1.48,4.1,1.17,1.1,1.13,1.02,8.0,1.0,1.3,3.2,2.4,1.5,5.0,1.15,12.0,1.01,1.2,4.0,1.95,1.75,4.0,1.22,10.0,1.05,7.0,3.1,1.53,21.0,2.0,,,,,,,,,,,,,
2025-12-07,14:00:00,Apollon,Anorthosis,0.0,0.0,D,0.0,0.0,1.8,3.4,4.19,2.05,1.62,5.0,4.0,6.0,3.0,1.68,1.11,2.5,2.05,4.5,1.83,1.83,1.03,7.6,1.36,3.0,3.34,1.23,6.5,1.05,1.23,1.26,2.0,1.0,4.0,1.45,2.55,2.9,1.33,7.1,1.07,26.0,1.02,1.25,3.3,2.15,1.62,5.0,1.14,13.0,1.03,2.15,2.4,4.35,3.1,6.5,1.21,1.45,2.01,2.25,2.98,3.52,2.48,1.92,1.56,1.31,,,
2026-02-07,12:00:00,Enosis,Ethnikos Achna,0.0,2.0,A,0.0,0.0,9.5,5.25,1.2,1.85,1.96,0.0,5.0,0.0,6.0,0.31,1.63,9.0,2.65,1.67,2.5,1.68,1.05,11.0,1.2,3.65,2.65,1.36,6.19,1.12,1.12,,1.05,,,1.31,3.1,2.71,1.42,5.8,1.1,23.0,1.01,1.19,3.5,2.08,1.62,4.8,1.17,12.0,1.04,10.75,2.63,1.6,,,1.27,1.54,2.19,2.44,3.32,3.16,2.29,1.8,1.47,1.24,,,
2025-12-07,12:00:00,Omonia Aradippou,AEL,1.0,3.0,A,1.0,2.0,3.1,3.35,2.07,1.95,1.83,4.0,4.0,3.0,1.0,1.23,1.06,4.14,2.04,2.56,1.85,1.93,1.01,8.5,1.28,3.25,3.5,1.3,6.6,1.1,1.3,1.3,1.2,3.0,2.0,1.41,2.89,2.85,1.36,7.5,1.09,26.0,1.02,1.25,3.5,2.21,1.54,4.5,1.17,12.0,1.04,3.7,2.38,2.45,5.5,3.5,1.17,1.38,1.87,2.09,2.7,3.92,2.7,2.05,1.66,1.38,,,
2025-10-27,14:00:00,AEK Larnaca,APOEL,1.0,1.0,D,0.0,1.0,2.2,3.1,3.15,2.17,1.6,2.0,6.0,5.0,6.0,1.0,1.11,2.85,2.01,3.7,1.8,1.82,1.05,8.0,1.38,3.0,3.85,1.25,7.3,1.03,1.36,1.35,1.6,2.0,2.0,1.42,2.65,3.0,1.36,8.0,1.07,29.0,1.01,1.3,3.3,2.3,1.57,5.0,1.14,13.0,1.03,2.63,2.2,3.45,3.6,5.0,1.53,1.97,2.6,3.68,5.54,2.24,1.75,1.4,1.2,1.06,1.64,7.7,3.43
2025-10-31,14:00:00,Aris,Akritas,3.0,1.0,H,2.0,1.0,1.13,7.0,14.0,1.38,2.9,8.0,1.0,8.0,2.0,1.96,0.41,1.5,2.9,10.0,2.1,1.46,1.02,21.0,1.09,5.3,1.95,1.74,3.14,1.33,1.07,1.11,4.9,1.0,9.0,1.22,3.9,2.0,1.75,4.2,1.2,10.0,1.03,1.11,5.9,1.63,2.17,3.25,1.3,7.0,1.08,1.4,3.65,11.0,1.85,29.0,,,1.85,,,,,1.85,,,,,
2025-08-29,13:00:00,Akritas,Enosis,1.0,0.0,H,1.0,0.0,2.55,3.15,2.75,2.08,1.72,4.0,1.0,4.0,1.0,1.32,0.54,3.23,2.1,3.38,1.8,1.95,1.01,8.0,1.3,2.95,3.7,1.21,7.5,1.06,1.32,,1.48,,,1.4,2.75,2.99,1.36,7.1,1.06,26.0,1.01,1.25,3.4,2.25,1.57,5.0,1.16,13.0,1.03,2.9,2.33,3.0,4.2,4.6,1.49,1.86,2.98,3.28,4.92,2.39,1.84,1.48,1.25,1.09,1.85,6.05,2.5
2026-02-08,11:00:00,APOEL,AEK Larnaca,1.0,2.0,A,1.0,1.0,2.6,2.95,2.5,2.3,1.53,5.0,3.0,7.0,4.0,1.69,1.11,3.3,2.05,3.1,1.95,1.75,1.08,7.8,1.34,2.63,3.25,1.18,8.4,1.05,1.36,,1.44,,,1.46,2.5,3.16,1.3,7.4,1.06,29.0,1.01,1.33,3.0,2.39,1.44,6.0,1.11,17.0,1.03,3.1,2.2,2.86,,,1.63,2.07,2.76,3.98,6.18,2.13,1.67,1.36,1.16,1.04,,,
2025-11-23,14:00:00,Apollon,Omonia Nicosia,2.0,0.0,H,1.0,0.0,2.76,3.2,2.15,1.94,1.75,2.0,6.0,3.0,5.0,0.75,1.59,3.6,2.2,2.63,1.73,2.0,1.06,11.4,1.3,3.3,3.4,1.29,5.9,1.11,1.56,1.28,1.36,2.0,2.0,1.38,2.77,2.8,1.38,7.5,1.08,21.0,1.01,1.25,3.6,2.14,1.62,4.6,1.17,12.0,1.04,3.4,2.4,2.55,5.0,3.9,,,,,,,,,,,,,
2025-09-27,13:00:00,AEL,Akritas,0.0,2.0,A,0.0,0.0,1.75,3.85,4.6,1.95,1.85,2.0,5.0,11.0,1.0,1.2,1.0,2.23,2.18,5.31,1.87,1.85,1.0,9.3,1.26,3.37,3.22,1.3,6.25,1.06,1.26,1.25,2.12,1.0,4.0,1.36,2.89,2.77,1.39,6.5,1.09,21.0,1.01,1.22,4.0,2.2,1.63,4.75,1.19,12.0,1.04,2.15,2.5,4.82,2.9,7.5,,,,,,,,,,,,,
2026-01-25,14:00:00,Aris,Omonia Nicosia,3.0,5.0,A,2.0,4.0,2.77,3.15,2.6,1.8,1.92,7.0,10.0,6.0,8.0,1.78,1.66,2.94,2.25,2.94,1.62,2.15,1.01,10.0,1.26,3.81,3.0,1.33,5.35,1.09,1.33,1.25,1.44,2.0,2.0,1.37,3.07,2.62,1.42,6.0,1.1,13.5,1.02,1.22,3.9,1.95,1.75,4.0,1.2,10.0,1.05,2.9,2.4,2.79,4.5,4.8,,,1.85,,,,,1.85,,,,,
2025-11-02,14:00:00,Apollon,AEK Larnaca,1.0,2.0,A,0.0,0.0,2.8,3.0,2.3,2.05,1.61,8.0,2.0,8.0,4.0,1.74,0.94,3.6,2.11,2.8,1.84,1.77,1.06,8.5,1.36,2.88,3.7,1.25,8.1,1.08,1.28,1.3,1.34,2.0,2.0,1.46,2.59,3.3,1.31,8.5,1.06,26.0,1.01,1.29,3.35,2.4,1.57,5.0,1.15,13.0,1.03,3.4,2.3,2.63,5.0,3.6,1.37,1.65,2.16,2.71,3.8,2.83,2.1,1.57,1.38,1.18,2.48,7.0,1.89
2025-11-02,14:00:00,Paphos,AEL,1.0,0.0,H,1.0,0.0,1.35,4.7,7.75,1.67,2.1,2.0,2.0,4.0,2.0,1.08,0.96,1.8,2.45,6.18,1.95,1.76,1.04,12.0,1.2,3.9,2.56,1.4,5.0,1.15,1.1,1.13,2.9,1.0,6.0,1.33,3.16,2.41,1.44,5.2,1.14,12.0,1.01,1.22,3.9,1.9,1.83,3.5,1.2,10.0,1.05,1.73,2.95,6.5,2.25,15.0,1.37,1.69,2.15,2.83,4.01,2.71,2.02,1.58,1.32,1.16,1.4,8.6,4.5
2025-09-20,13:00:00,Ethnikos Achna,Anorthosis,2.0,0.0,H,0.0,0.0,2.57,3.25,2.5,1.89,1.9,5.0,1.0,4.0,0.0,1.37,0.7,3.1,2.14,3.1,1.7,2.04,1.01,9.3,1.29,3.4,3.32,1.28,5.9,1.11,1.25,1.3,1.5,2.0,2.0,1.39,2.94,2.75,1.4,7.0,1.08,23.0,1.01,1.25,3.8,2.13,1.7,4.5,1.18,11.0,1.05,2.8,2.45,2.85,4.6,4.6,1.55,1.96,2.56,3.6,5.47,2.26,1.76,1.42,1.2,1.07,2.15,6.62,2.15
2026-04-18,13:00:00,Aris,Apollon,3.0,0.0,H,3.0,0.0,2.67,3.48,2.4,1.69,2.0,10.0,3.0,3.0,3.0,2.28,1.15,3.3,2.18,2.88,1.57,2.26,1.04,10.4,1.18,4.17,2.7,1.36,5.6,1.16,1.3,,1.4,,,1.3,3.16,2.6,1.44,6.1,1.11,17.0,1.02,1.19,4.0,1.95,1.75,4.0,1.2,9.5,1.05,3.0,2.3,2.61,,,1.17,1.38,1.87,2.09,2.7,3.92,2.7,2.05,1.66,1.38,,,
2025-09-27,13:00:00,Digenis Ypsonas,AEK Larnaca,0.0,4.0,A,0.0,2.0,5.3,3.95,1.65,1.85,1.95,4.0,9.0,4.0,1.0,0.95,1.73,4.94,2.35,2.24,1.71,2.08,,,1.22,3.7,2.74,1.39,4.7,1.14,,,,4.0,1.0,,,2.4,1.46,5.25,1.11,,,,,1.97,1.74,3.9,1.2,,,4.34,2.65,2.11,,,,,,,,,,,,,,,
2025-09-28,13:00:00,Enosis,Omonia Aradippou,0.0,1.0,A,0.0,0.0,2.8,2.91,2.7,2.5,1.49,1.0,4.0,5.0,8.0,0.61,1.23,3.34,1.9,3.54,2.04,1.64,1.04,7.1,1.43,2.47,4.85,1.12,9.8,1.03,1.36,1.3,1.48,2.0,2.0,1.5,2.3,3.48,1.31,10.0,1.04,41.0,,1.36,2.99,2.7,1.4,6.2,1.1,19.0,1.02,3.02,2.1,3.22,3.7,4.5,,,,,,,,,,,,,
2026-05-17,11:00:00,Digenis Ypsonas,Enosis,0.0,0.0,D,0.0,0.0,1.21,6.11,9.91,1.5,2.5,6.0,5.0,9.0,2.0,1.57,1.12,1.57,2.75,10.0,2.05,1.7,1.02,17.0,1.14,5.0,2.25,1.57,3.8,1.22,1.03,,4.4,,,1.22,4.2,2.15,1.62,5.0,1.15,13.0,1.03,1.18,4.5,1.8,1.91,3.5,1.25,8.0,1.06,1.4,3.3,10.0,,,,,,,,,,,,,,,
2026-05-22,11:30:00,Omonia Nicosia,Apollon,5.0,2.0,H,1.0,1.0,1.73,4.05,3.8,1.58,2.31,6.0,4.0,6.0,4.0,1.36,1.42,2.2,2.31,4.33,1.53,2.25,1.01,15.0,1.15,4.8,2.4,1.53,4.2,1.2,1.22,,2.0,,,1.25,3.4,2.21,1.57,4.8,1.14,12.0,1.03,1.18,4.5,1.8,1.91,3.5,1.25,8.0,1.06,2.0,2.74,4.15,,,,,1.83,,,,,1.83,,,,,
2025-09-28,13:00:00,APOEL,Apollon,2.0,0.0,H,0.0,0.0,2.01,3.1,3.3,2.15,1.65,7.0,2.0,5.0,6.0,1.66,0.78,2.71,2.1,3.9,1.81,1.8,1.03,7.7,1.38,2.82,3.55,1.22,7.6,1.03,1.33,1.27,1.67,2.0,3.0,1.46,2.59,2.9,1.36,7.7,1.07,26.0,1.01,1.28,3.34,2.36,1.53,5.2,1.12,15.0,1.02,2.41,2.31,3.9,3.3,5.8,,,,,,,,,,,,,
2025-11-07,14:00:00,AEL,Enosis,3.0,0.0,H,1.0,0.0,1.5,3.7,5.5,1.91,1.76,6.0,2.0,7.0,2.0,1.58,0.69,2.12,2.15,6.62,2.06,1.68,1.02,8.1,1.34,3.04,3.63,1.24,6.35,1.06,1.22,1.25,2.5,1.0,4.0,1.4,2.69,2.85,1.36,8.0,1.07,26.0,1.01,1.24,3.8,2.23,1.6,5.0,1.17,15.0,1.03,1.88,2.45,5.6,2.4,9.5,,,,,,,,,,,,,
2025-09-22,13:00:00,AEK Larnaca,Aris,3.0,2.0,H,2.0,1.0,2.5,3.2,2.55,2.2,1.69,1.0,6.0,1.0,5.0,0.87,1.37,3.12,2.12,3.34,1.84,1.76,1.03,7.7,1.33,2.84,3.6,1.21,7.0,1.04,1.33,1.28,1.49,2.0,2.0,1.4,2.65,2.95,1.34,7.4,1.07,26.0,1.01,1.28,3.34,2.32,1.54,5.0,1.14,13.0,1.03,2.85,2.32,3.0,4.0,5.0,,,,,,,,,,,,,
2025-09-27,13:00:00,Paphos,Olympiakos,2.0,1.0,H,1.0,0.0,1.22,6.2,14.0,1.6,2.1,5.0,8.0,3.0,3.0,1.6,1.73,1.62,2.57,11.0,2.52,1.46,1.02,15.0,1.21,4.27,2.25,1.65,4.5,1.18,1.11,1.14,4.1,1.0,9.0,1.31,3.15,2.52,1.52,6.0,1.11,12.5,1.01,1.16,4.0,1.88,1.86,4.0,1.2,10.0,1.05,1.44,3.28,9.9,1.75,21.0,,,,,,,,,,,,,
2025-09-24,13:00:00,Paphos,Enosis,3.0,0.0,H,1.0,0.0,1.19,5.33,10.65,1.65,2.07,5.0,3.0,4.0,2.0,1.54,0.84,1.49,2.61,13.3,2.89,1.37,1.01,13.5,1.22,3.74,2.88,1.41,4.6,1.12,1.1,1.11,4.9,1.0,9.0,1.33,3.04,2.5,1.47,5.5,1.12,17.0,1.01,1.18,3.8,1.94,1.81,3.7,1.25,11.0,1.04,1.4,3.0,12.0,1.55,26.0,1.24,1.5,2.1,2.4,3.2,3.28,2.35,1.83,1.48,1.26,1.18,11.0,6.06
2025-11-23,14:00:00,APOEL,AEL,1.0,2.0,A,1.0,0.0,1.39,4.4,6.0,1.72,2.07,5.0,4.0,8.0,3.0,1.5,0.73,1.94,2.56,5.7,2.05,1.79,1.04,9.3,1.21,3.9,2.95,1.36,4.8,1.15,1.18,1.18,2.63,1.0,5.0,1.33,2.95,2.65,1.46,5.5,1.12,13.0,1.02,1.22,3.9,1.94,1.73,4.33,1.2,11.0,1.05,1.66,2.62,6.0,2.25,13.0,1.32,1.62,2.02,2.62,3.65,2.92,2.15,1.71,1.4,1.2,,,
2025-08-24,14:00:00,Digenis Ypsonas,APOEL,1.0,2.0,A,0.0,1.0,5.4,4.0,1.54,1.66,2.15,3.0,4.0,6.0,6.0,0.8,1.1,,,,,,,,,,,,,,,,,,,,,,,,,,,,,,,,,,,,,,,,,,,,,,,,,,,,
2025-11-08,14:00:00,Aris,Digenis Ypsonas,3.0,0.0,H,2.0,0.0,1.19,6.5,12.0,1.4,2.75,1.0,0.0,1.0,2.0,2.05,1.11,1.48,2.69,9.94,1.91,1.71,1.01,16.0,1.12,5.6,2.1,1.72,3.2,1.26,1.09,1.08,4.5,1.0,8.0,1.21,3.35,2.11,1.67,4.4,1.2,11.0,1.05,1.12,5.7,1.73,2.17,2.85,1.36,6.5,1.1,1.37,3.64,10.4,2.0,29.0,,,2.05,,,,,1.7,,,,,
2025-12-21,14:00:00,Digenis Ypsonas,Apollon,0.0,1.0,A,0.0,0.0,3.9,3.3,1.75,2.04,1.66,1.0,4.0,4.0,5.0,0.67,1.4,5.0,2.16,2.39,1.8,1.7,1.04,9.5,1.34,2.85,3.89,1.22,7.1,1.1,1.95,1.26,1.17,3.0,1.0,1.4,2.5,3.05,1.33,7.4,1.07,29.0,1.01,1.28,3.5,2.4,1.62,5.5,1.15,15.0,1.04,4.5,2.3,2.1,7.5,2.9,1.47,1.85,2.91,3.24,4.77,2.43,1.86,1.5,1.26,1.1,,,
2025-12-13,12:00:00,Akritas,Ethnikos Achna,3.0,1.0,H,1.0,0.0,2.6,3.3,2.31,1.94,1.84,3.0,4.0,1.0,7.0,0.7,1.85,3.3,2.09,2.95,1.7,2.13,1.02,9.5,1.29,3.3,3.32,1.28,6.5,1.07,1.28,1.25,1.44,2.0,2.0,1.39,2.9,2.8,1.38,7.0,1.08,14.5,1.01,1.25,3.6,2.15,1.73,4.2,1.17,12.0,1.04,3.1,2.3,2.73,4.8,4.0,,1.85,,,,,1.85,,,,,,
2025-08-22,14:00:00,AEL,Olympiakos,2.0,0.0,H,2.0,0.0,1.57,4.25,5.5,1.9,1.9,3.0,3.0,6.0,8.0,0.97,0.86,2.05,2.3,5.85,1.85,1.85,1.05,10.0,1.22,3.4,3.0,1.33,5.1,1.12,1.25,1.2,2.44,,,1.34,2.99,2.62,1.42,6.0,1.09,12.0,1.02,1.25,3.8,2.05,1.65,4.2,1.18,10.0,1.04,1.95,2.5,5.0,2.5,10.0,1.22,1.46,2.03,2.26,3.0,3.48,2.46,1.91,1.55,1.3,1.24,10.1,5.98
2025-11-01,12:00:00,Omonia Aradippou,Olympiakos,0.0,1.0,A,0.0,0.0,2.18,3.0,2.87,2.25,1.67,3.0,4.0,6.0,3.0,1.32,1.13,2.95,1.98,3.55,1.95,1.83,1.06,8.0,1.36,2.74,3.9,1.22,7.4,1.06,1.26,1.3,1.55,2.0,2.0,1.44,2.65,2.88,1.36,7.9,1.06,29.0,1.01,1.28,3.25,2.4,1.5,5.5,1.14,13.0,1.03,2.65,2.25,3.25,3.9,5.0,,,,,,,,,,,,,
2025-10-03,13:00:00,Omonia Aradippou,APOEL,0.0,4.0,A,0.0,1.0,8.0,4.88,1.31,1.94,1.9,3.0,8.0,3.0,2.0,1.05,1.73,7.2,2.3,1.86,1.98,1.65,1.0,9.3,1.28,3.3,2.92,1.29,4.8,1.1,2.8,1.17,1.05,5.0,1.0,1.36,2.94,2.45,1.43,7.0,1.08,21.0,1.02,1.25,3.5,2.25,1.6,4.2,1.2,13.0,1.04,6.75,2.5,1.75,12.0,2.1,1.22,1.47,2.04,2.28,3.04,3.44,2.44,1.9,1.54,1.29,5.55,11.5,1.17
2025-08-29,14:00:00,Apollon,Digenis Ypsonas,0.0,3.0,A,0.0,1.0,1.44,3.95,6.5,1.93,1.73,4.0,4.0,4.0,2.0,1.49,0.67,1.95,2.2,7.0,2.06,1.6,1.02,8.2,1.31,3.15,3.67,1.25,6.99,1.04,1.23,,2.6,,,1.4,2.63,2.94,1.35,8.5,1.06,29.0,1.01,1.33,3.1,2.29,1.57,5.75,1.16,15.0,1.03,1.85,2.45,6.5,2.15,11.0,1.33,1.67,2.46,2.75,3.82,2.83,2.08,1.66,1.36,1.17,1.36,8.45,4.51
2025-10-05,13:00:00,AEK Larnaca,Paphos,2.0,4.0,A,1.0,2.0,2.65,3.25,2.31,2.26,1.64,4.0,7.0,4.0,2.0,1.41,1.45,3.3,2.1,3.58,1.83,1.83,1.05,7.3,1.35,2.8,3.84,1.2,8.5,1.06,1.46,1.3,1.38,2.0,2.0,1.4,2.7,3.34,1.32,7.7,1.06,26.0,1.01,1.29,3.25,2.39,1.51,5.2,1.13,15.0,1.03,3.0,2.28,2.95,4.5,3.9,,,,,,,,,,,,,
2025-08-24,13:00:00,Ethnikos Achna,Akritas,0.0,0.0,D,0.0,0.0,1.62,3.88,4.74,1.67,2.1,3.0,3.0,9.0,4.0,1.46,0.97,2.1,2.2,4.75,1.64,2.12,1.0,12.0,1.2,4.2,2.44,1.46,4.33,1.18,1.17,,2.15,,,1.31,3.4,2.4,1.5,5.1,1.12,11.0,1.01,1.18,4.5,1.91,1.91,3.5,1.25,9.0,1.05,2.05,2.5,4.2,3.0,9.0,1.46,1.82,2.33,3.18,4.68,2.46,1.88,1.52,1.27,1.11,1.48,7.6,3.76
2025-10-05,14:00:00,Omonia Nicosia,Aris,0.0,0.0,D,0.0,0.0,2.32,3.23,2.71,1.83,1.96,3.0,2.0,8.0,3.0,1.52,0.62,2.88,2.25,3.56,1.65,2.27,1.01,8.9,1.22,3.5,3.0,1.33,5.5,1.14,1.35,1.25,1.56,2.0,2.0,1.33,3.29,2.62,1.44,5.8,1.1,19.0,1.02,1.19,3.9,2.05,1.72,3.9,1.2,11.0,1.05,2.6,2.48,3.0,4.2,5.0,,,,,,,,,,,,,
2026-05-10,12:00:00,Paphos,Aris,2.0,0.0,H,1.0,0.0,1.65,3.55,4.1,1.72,2.1,4.0,6.0,1.0,10.0,1.29,1.72,2.15,2.24,4.4,1.62,2.1,1.04,12.1,1.2,3.86,2.59,1.4,4.6,1.15,1.25,,1.95,,,1.31,3.1,2.41,1.49,5.3,1.11,15.0,1.02,1.2,4.0,1.85,1.8,3.8,1.22,9.0,1.06,2.0,2.64,4.16,,,1.34,1.64,2.41,2.69,3.76,2.85,2.05,1.68,1.38,1.18,,,
2026-05-22,11:30:00,Aris,AEK Larnaca,3.0,4.0,A,0.0,1.0,2.93,3.25,2.12,1.73,2.05,5.0,8.0,3.0,1.0,1.62,1.43,2.84,2.25,2.88,1.65,2.2,1.03,12.0,1.22,3.9,2.75,1.36,5.0,1.14,1.3,,1.53,,,1.3,3.16,2.45,1.46,5.6,1.1,17.0,1.02,1.22,4.0,1.95,1.78,4.0,1.2,10.0,1.05,2.8,2.4,3.1,,,,,2.05,,,,,1.67,,,,,
2026-05-15,13:00:00,Ethnikos Achna,Omonia Aradippou,1.0,2.0,A,0.0,0.0,2.6,3.6,2.37,1.7,2.06,5.0,5.0,4.0,4.0,1.47,1.5,3.1,2.3,2.75,1.6,2.2,1.04,12.0,1.2,4.0,2.7,1.4,5.4,1.15,1.3,,1.44,,,1.3,3.16,2.47,1.47,5.8,1.09,15.0,1.02,1.2,4.0,1.91,1.8,3.9,1.22,9.5,1.05,2.96,2.5,2.7,,,,,2.05,,,,,1.67,,,,,
2025-09-26,13:00:00,Aris,Ethnikos Achna,3.0,0.0,H,1.0,0.0,1.26,5.0,9.0,1.61,2.3,11.0,3.0,10.0,4.0,2.36,0.81,1.68,2.62,6.4,1.9,1.78,1.01,16.0,1.2,4.49,2.44,1.53,4.2,1.2,1.15,1.12,3.66,1.0,7.0,1.29,3.4,2.3,1.57,5.0,1.14,15.0,1.03,1.2,4.2,1.91,1.8,3.4,1.22,9.5,1.06,1.62,3.12,7.5,2.15,17.0,1.22,1.47,2.04,2.28,2.97,3.42,2.44,1.9,1.53,1.3,1.07,14.75,9.9
2026-02-15,10:00:00,Olympiakos,Omonia Aradippou,0.0,0.0,D,0.0,0.0,2.38,2.91,3.34,2.3,1.62,1.0,6.0,0.0,5.0,1.09,1.87,3.0,2.0,3.5,1.83,1.82,1.05,6.4,1.41,2.69,4.2,1.19,7.3,1.03,1.28,,1.54,,,1.4,2.62,3.1,1.31,7.5,1.06,21.0,1.01,1.3,3.16,2.34,1.52,5.8,1.13,15.0,1.02,2.63,2.25,3.52,,,1.4,1.73,2.62,2.92,4.2,2.64,1.99,1.59,1.32,1.14,,,
2025-08-31,13:00:00,AEK Larnaca,AEL,2.0,0.0,H,1.0,0.0,1.49,4.0,5.25,2.1,1.7,7.0,2.0,8.0,2.0,1.85,0.69,2.16,2.11,5.5,2.0,1.75,1.01,9.0,1.28,3.4,3.67,1.22,7.1,1.08,1.19,,2.3,,,1.4,2.73,2.9,1.4,8.0,1.08,26.0,1.01,1.25,3.7,2.27,1.59,5.5,1.17,15.0,1.03,1.95,2.49,5.4,2.45,9.0,1.56,1.96,3.26,3.62,5.5,2.25,1.75,1.42,1.2,1.06,1.71,6.9,2.9
2025-12-20,12:00:00,Aris,Omonia Aradippou,2.0,2.0,D,2.0,1.0,1.14,7.49,14.0,1.53,2.37,8.0,5.0,6.0,4.0,1.78,1.26,1.53,2.7,11.5,2.1,1.67,1.03,17.0,1.14,4.45,2.29,1.53,3.58,1.22,1.11,1.08,4.4,1.0,9.0,1.23,3.7,2.28,1.62,4.7,1.15,13.0,1.04,1.18,4.5,1.85,1.85,3.6,1.33,8.0,1.07,1.44,3.55,10.0,1.85,23.0,,,1.73,,,,,2.0,,,,,
2025-08-30,13:00:00,Omonia Aradippou,Aris,0.0,1.0,A,0.0,0.0,10.0,5.0,1.2,1.7,2.1,3.0,5.0,2.0,8.0,0.78,1.78,8.0,2.63,1.75,2.0,1.6,1.03,14.8,1.16,4.15,2.4,1.45,4.1,1.2,3.3,,1.03,,,1.28,3.3,2.41,1.5,5.3,1.15,12.5,1.03,1.16,4.0,1.92,1.83,4.2,1.2,10.0,1.05,7.7,2.99,1.57,17.0,2.15,,,,,,,,,,,,,
2025-12-13,14:00:00,Omonia Aradippou,Anorthosis,1.0,0.0,H,1.0,0.0,4.0,3.44,1.86,1.92,1.86,4.0,3.0,4.0,3.0,1.04,1.53,4.65,2.1,2.3,1.85,1.77,1.01,9.0,1.29,2.95,3.7,1.22,6.5,1.07,1.25,1.22,1.22,4.0,1.0,1.4,2.75,2.8,1.4,7.1,1.08,23.0,1.02,1.26,3.42,2.3,1.53,5.0,1.14,15.0,1.03,4.2,2.38,2.25,7.0,3.0,,,1.85,,,,,1.85,,,,,
2025-12-14,14:00:00,Apollon,Aris,0.0,2.0,A,0.0,1.0,3.5,3.25,2.02,1.92,1.86,2.0,6.0,5.0,6.0,1.17,1.49,4.45,2.05,2.59,1.8,2.0,1.01,9.5,1.3,2.88,3.28,1.29,6.4,1.11,1.25,1.3,1.23,3.0,1.0,1.4,2.69,2.8,1.4,7.5,1.08,15.0,1.02,1.25,3.5,2.15,1.62,4.4,1.19,12.0,1.04,4.0,2.41,2.3,6.0,3.5,1.21,1.45,2.01,2.25,2.98,3.52,2.48,1.92,1.56,1.31,,,
2025-11-02,12:00:00,Digenis Ypsonas,Anorthosis,0.0,1.0,A,0.0,0.0,2.55,3.0,2.5,2.01,1.75,4.0,4.0,0.0,5.0,0.99,1.19,2.89,2.18,3.37,1.7,2.05,1.06,9.0,1.3,3.2,3.5,1.25,7.0,1.08,1.35,1.25,1.42,2.0,2.0,1.38,2.8,2.65,1.42,7.5,1.08,23.0,1.01,1.25,3.6,2.15,1.65,4.8,1.17,12.0,1.04,2.75,2.3,3.1,4.33,4.6,1.46,1.82,2.86,3.18,4.68,2.46,1.88,1.51,1.27,1.11,2.02,6.15,2.65
2025-12-14,11:00:00,Olympiakos,AEL,0.0,0.0,D,0.0,0.0,2.75,3.15,2.55,2.05,1.68,2.0,1.0,7.0,1.0,0.98,0.84,4.03,2.08,2.69,1.75,2.0,1.01,9.0,1.31,3.2,3.2,1.26,6.05,1.08,1.66,1.28,1.32,3.0,2.0,1.4,2.95,2.99,1.39,7.0,1.09,15.0,1.01,1.25,3.5,2.17,1.62,5.0,1.15,13.0,1.04,3.65,2.41,2.43,6.0,3.75,1.37,1.7,2.54,2.83,4.03,2.71,2.03,1.62,1.34,1.16,,,
2025-08-30,13:00:00,Olympiakos,Anorthosis,2.0,1.0,H,2.0,0.0,3.2,3.15,1.98,2.02,1.75,5.0,3.0,4.0,2.0,1.29,1.03,3.8,2.06,2.65,1.8,1.9,1.06,7.9,1.29,3.04,3.4,1.28,6.5,1.1,1.3,,1.29,,,1.4,2.75,2.8,1.38,7.5,1.08,23.0,1.02,1.23,3.9,2.2,1.6,4.5,1.15,13.0,1.03,3.6,2.3,2.46,5.5,3.7,,,,,,,,,,,,,
2025-12-14,14:00:00,Enosis,Paphos,0.0,2.0,A,0.0,0.0,15.0,6.6,1.13,1.7,2.2,0.0,8.0,1.0,7.0,0.3,2.52,11.25,2.84,1.58,2.58,1.44,1.0,15.0,1.17,4.0,2.7,1.37,4.35,1.14,5.0,1.08,1.02,10.0,1.0,1.3,3.16,2.36,1.51,5.8,1.13,15.0,1.01,1.2,4.0,1.77,1.75,3.6,1.22,10.0,1.05,11.7,3.1,1.44,26.0,1.67,1.4,1.73,2.62,2.92,4.2,2.64,1.99,1.59,1.32,1.14,,,
2025-11-09,14:00:00,Anorthosis,Paphos,1.0,1.0,D,0.0,1.0,6.0,4.0,1.47,1.85,1.9,2.0,2.0,5.0,4.0,1.01,0.82,6.94,2.41,1.95,1.91,1.74,1.01,9.1,1.29,3.34,2.88,1.31,6.26,1.09,2.66,1.19,1.08,5.0,1.0,1.35,2.9,2.62,1.42,7.0,1.1,21.0,1.02,1.2,3.6,2.06,1.7,4.75,1.17,12.0,1.04,5.95,2.69,1.75,11.0,2.3,,,1.91,,,,,1.8,,,,,
2025-09-28,13:00:00,Anorthosis,Omonia Nicosia,0.0,5.0,A,0.0,2.0,4.55,4.23,1.5,1.76,2.05,7.0,7.0,3.0,3.0,1.66,1.45,5.0,2.24,2.06,1.8,1.94,1.01,13.5,1.22,4.02,2.79,1.34,5.2,1.1,1.24,1.22,1.11,4.0,1.0,1.33,3.11,2.56,1.45,6.0,1.12,19.0,1.02,1.18,4.5,2.01,1.73,3.7,1.25,10.0,1.05,4.8,2.65,1.95,9.5,2.9,,,,,,,,,,,,,
2025-12-15,14:00:00,AEK Larnaca,Omonia Nicosia,1.0,1.0,D,0.0,1.0,2.25,3.1,3.1,1.89,1.93,3.0,7.0,1.0,6.0,1.07,1.53,2.8,2.13,3.44,1.65,2.17,1.01,10.0,1.28,3.4,3.1,1.33,5.7,1.11,1.21,1.33,1.65,2.0,2.0,1.4,2.75,2.75,1.4,6.5,1.11,14.0,1.02,1.25,3.75,1.95,1.77,4.6,1.18,11.0,1.04,2.45,2.45,3.3,4.0,5.5,1.43,1.73,2.34,3.14,4.88,2.5,2.0,1.49,1.27,1.1,2.22,6.72,2.08
2025-12-22,14:00:00,AEL,AEK Larnaca,0.0,1.0,A,0.0,1.0,4.19,3.3,1.83,2.02,1.8,0.0,3.0,1.0,4.0,0.53,0.96,4.2,2.2,2.3,1.81,1.95,1.0,9.2,1.29,3.4,3.3,1.3,7.02,1.05,1.28,1.25,1.19,3.0,1.0,1.4,2.7,2.8,1.36,6.6,1.09,23.0,1.02,1.23,3.6,2.15,1.65,4.5,1.17,12.0,1.04,4.0,2.5,2.15,7.0,3.1,,,1.91,,,,,1.8,,,,,
2026-03-15,11:00:00,Anorthosis,Apollon,1.0,1.0,D,0.0,1.0,3.88,3.36,1.91,1.98,1.8,5.0,3.0,7.0,4.0,1.2,1.35,4.56,2.02,2.45,1.8,1.91,1.01,9.0,1.3,3.2,3.34,1.24,5.3,1.05,1.19,,1.24,,,1.41,2.69,3.06,1.36,6.6,1.08,23.0,1.02,1.24,3.6,2.15,1.62,4.5,1.15,12.0,1.03,3.9,2.4,2.3,,,1.26,1.53,1.9,2.42,3.28,3.2,2.3,1.77,1.48,1.25,,,
2026-03-14,13:00:00,Akritas,Paphos,0.0,4.0,A,0.0,1.0,10.0,6.0,1.18,1.53,2.5,0.0,3.0,4.0,11.0,0.6,1.15,10.0,2.74,1.54,2.15,1.62,1.02,17.0,1.15,5.01,2.35,1.56,4.33,1.18,1.11,,1.04,,,1.29,3.4,2.14,1.55,5.0,1.15,10.5,1.03,1.18,4.2,1.78,1.95,3.75,1.22,9.0,1.06,9.5,3.1,1.5,,,1.5,1.87,3.0,3.34,4.97,2.37,1.83,1.48,1.24,1.09,,,
2026-02-08,13:00:00,Apollon,Olympiakos,3.0,1.0,H,1.0,1.0,1.44,4.2,7.5,2.05,1.75,10.0,1.0,8.0,1.0,2.59,0.45,1.95,2.19,6.5,2.15,1.65,1.05,8.6,1.34,3.22,3.34,1.3,6.5,1.05,1.22,,2.63,,,1.39,2.73,2.85,1.36,6.5,1.08,23.0,1.01,1.3,3.25,2.21,1.61,4.4,1.12,13.0,1.03,1.8,2.61,6.5,,,1.28,1.55,2.21,2.47,3.38,3.12,2.26,1.78,1.46,1.24,,,
2025-10-05,11:00:00,Ethnikos Achna,Digenis Ypsonas,1.0,0.0,H,0.0,0.0,2.3,3.45,3.05,1.97,1.83,3.0,2.0,0.0,7.0,0.77,1.16,2.75,2.2,3.4,1.66,2.1,,,,,,,,,,,,2.0,2.0,,,,,,,,,,,,,,,,,2.6,2.5,3.1,,,,,,,,,,,,,,,
2026-02-08,14:00:00,Paphos,Omonia Nicosia,2.0,4.0,A,1.0,1.0,2.37,3.1,2.62,2.0,1.75,5.0,8.0,4.0,2.0,1.35,1.57,3.22,2.1,3.46,1.75,1.95,1.03,9.0,1.3,3.1,3.5,1.25,6.15,1.08,1.33,,1.5,,,1.43,2.59,2.84,1.38,7.5,1.08,23.0,1.01,1.23,3.5,2.15,1.62,4.8,1.15,12.0,1.04,2.8,2.3,2.95,,,1.34,1.64,2.41,2.69,3.76,2.85,2.11,1.68,1.38,1.18,,,
2026-02-09,14:00:00,Aris,Anorthosis,0.0,1.0,A,0.0,1.0,1.39,4.5,6.0,1.75,2.1,5.0,2.0,13.0,3.0,1.63,0.7,1.85,2.52,6.25,1.85,1.85,1.04,12.0,1.22,3.9,2.93,1.36,4.8,1.14,1.2,,2.7,,,1.31,3.1,2.47,1.47,5.3,1.11,12.0,1.02,1.22,3.9,1.95,1.73,4.2,1.2,10.0,1.05,1.8,2.75,6.0,,,1.27,1.5,1.85,2.45,3.34,3.14,2.27,1.8,1.46,1.24,1.3,9.15,5.13
2025-11-08,11:00:00,Akritas,Olympiakos,1.0,1.0,D,1.0,0.0,2.62,2.9,2.55,2.2,1.55,5.0,4.0,1.0,4.0,1.11,1.06,3.25,1.99,3.42,1.95,1.8,1.04,7.1,1.38,2.75,3.82,1.23,7.4,1.03,1.36,1.3,1.44,2.0,2.0,1.42,2.65,2.88,1.36,7.7,1.06,29.0,1.01,1.28,3.25,2.43,1.48,5.5,1.14,15.0,1.03,3.0,2.28,3.08,4.4,4.33,,1.85,,,,,1.85,,,,,,
2026-02-09,14:00:00,Digenis Ypsonas,AEL,3.0,0.0,H,2.0,0.0,3.25,3.15,2.26,2.35,1.57,3.0,3.0,4.0,3.0,1.32,1.22,3.7,2.05,2.8,1.91,1.8,1.08,7.0,1.4,2.7,4.4,1.18,9.5,1.05,1.61,,1.3,,,1.47,2.47,3.28,1.29,7.4,1.06,29.0,1.01,1.33,3.16,2.45,1.44,6.0,1.11,17.0,1.02,3.4,2.15,2.58,,,1.37,1.69,2.13,2.82,4.0,2.73,2.04,1.63,1.35,1.16,3.58,7.65,1.5
2025-12-22,14:00:00,Omonia Nicosia,Ethnikos Achna,4.0,0.0,H,1.0,0.0,1.24,5.5,8.75,1.4,2.7,9.0,2.0,7.0,2.0,2.06,0.82,1.65,3.12,8.75,1.75,1.86,1.01,19.0,1.08,5.75,2.05,1.67,3.28,1.29,1.05,1.08,3.88,1.0,7.0,1.17,4.4,2.05,1.72,4.0,1.2,10.0,1.03,1.17,4.8,1.63,2.17,2.75,1.3,7.0,1.08,1.53,3.44,8.65,2.15,21.0,,1.73,1.85,,,,2.0,1.85,,,,,
2026-02-15,14:00:00,AEL,Paphos,0.0,1.0,A,0.0,1.0,4.0,3.5,1.8,1.88,1.73,4.0,2.0,2.0,2.0,1.24,0.77,5.0,2.06,2.4,1.81,1.9,1.01,8.6,1.27,3.1,3.36,1.26,5.75,1.08,1.18,,1.18,,,1.4,2.98,2.97,1.38,6.2,1.09,21.0,1.01,1.21,3.9,2.1,1.7,4.6,1.17,12.0,1.04,4.25,2.46,2.15,,,1.24,1.5,2.1,2.35,3.16,3.32,2.37,1.85,1.51,1.27,,,
2026-04-19,11:00:00,Anorthosis,Omonia Aradippou,1.0,1.0,D,1.0,1.0,2.15,3.15,3.0,2.07,1.72,5.0,3.0,7.0,0.0,1.77,1.06,2.99,2.13,4.01,1.8,1.88,1.01,8.6,1.29,3.0,3.58,1.21,7.5,1.03,1.33,,1.6,,,1.4,2.76,2.98,1.34,7.4,1.07,26.0,1.01,1.26,3.5,2.25,1.57,4.9,1.14,13.0,1.03,2.63,2.25,3.4,,,,,1.9,,,,,1.77,,,,,
2026-04-26,10:00:00,Ethnikos Achna,Olympiakos,2.0,1.0,H,2.0,1.0,2.2,3.0,3.0,2.24,1.64,3.0,3.0,2.0,4.0,0.96,1.09,2.96,2.05,3.75,1.84,1.8,1.04,6.85,1.33,2.81,3.9,1.25,8.5,1.06,1.36,,1.57,,,1.52,2.34,3.1,1.31,7.9,1.04,29.0,1.01,1.27,3.35,2.38,1.53,5.2,1.11,13.0,1.03,2.8,2.28,3.2,,,1.52,1.91,2.49,3.46,5.2,2.32,1.79,1.45,1.22,1.08,,,
2025-10-04,14:00:00,AEL,Anorthosis,4.0,1.0,H,1.0,1.0,2.15,3.25,2.9,1.92,1.93,5.0,2.0,8.0,4.0,1.37,0.85,2.86,2.1,3.4,1.67,2.0,1.05,12.5,1.27,3.34,3.21,1.27,6.0,1.11,1.28,1.25,1.64,2.0,2.0,1.36,3.0,2.7,1.4,6.1,1.08,21.0,1.01,1.25,3.75,2.14,1.73,4.6,1.18,11.0,1.04,2.59,2.45,3.32,4.2,5.0,,,1.73,,,,,2.0,,,,,
2025-10-04,13:00:00,Akritas,Apollon,0.0,2.0,A,0.0,1.0,5.0,3.7,1.48,2.07,1.75,1.0,4.0,2.0,2.0,0.68,1.21,6.2,2.13,2.12,2.0,1.67,1.02,9.2,1.33,3.2,3.34,1.26,6.7,1.05,1.25,1.25,1.14,5.0,1.0,1.38,2.8,2.89,1.36,6.7,1.09,23.0,1.01,1.29,3.4,2.25,1.57,4.5,1.15,13.0,1.03,5.0,2.38,2.0,9.0,2.5,,,2.0,,,,,1.73,,,,,
2026-05-09,12:00:00,AEL,Olympiakos,1.0,3.0,A,1.0,2.0,2.55,3.1,2.35,1.92,1.73,3.0,6.0,1.0,5.0,1.26,1.77,3.25,2.15,2.89,1.75,1.95,1.05,9.5,1.3,3.34,3.25,1.26,6.75,1.04,1.3,,1.4,,,1.33,2.98,2.7,1.36,7.5,1.05,23.0,1.01,1.25,3.5,2.2,1.62,4.75,1.15,12.0,1.03,3.0,2.3,2.7,,,1.5,1.83,2.42,3.34,4.97,2.37,1.83,1.48,1.24,1.09,,,
2026-05-09,12:00:00,Omonia Aradippou,Akritas,2.0,1.0,H,0.0,0.0,1.91,3.25,3.5,1.85,1.95,6.0,2.0,6.0,4.0,1.29,1.09,2.5,2.11,4.2,1.7,2.05,1.0,9.85,1.27,3.72,2.97,1.36,5.8,1.07,1.27,,1.83,,,1.36,2.9,2.76,1.41,6.4,1.07,21.0,1.01,1.22,3.9,2.06,1.7,4.5,1.2,11.0,1.05,2.3,2.45,3.7,,,1.36,1.67,2.48,2.77,3.91,2.77,2.07,1.65,1.36,1.17,,,
2026-04-06,13:00:00,Akritas,Digenis Ypsonas,0.0,2.0,A,0.0,2.0,2.9,3.2,2.31,2.25,1.61,0.0,2.0,1.0,0.0,0.67,0.7,,,,,,,,,,,,,,,,,,,,,,,,,,,,,,,,,,,,,,,,,,,,,,,,,,,,
2025-10-17,13:00:00,Paphos,Ethnikos Achna,4.0,0.0,H,1.0,0.0,1.38,5.3,7.5,1.7,2.14,9.0,6.0,9.0,5.0,2.0,1.37,1.75,2.46,8.6,2.05,1.55,1.02,15.5,1.25,3.94,2.59,1.39,4.7,1.14,1.13,1.12,2.83,1.0,7.0,1.3,3.16,2.33,1.48,6.0,1.11,17.0,1.02,1.16,4.8,1.9,1.79,4.0,1.22,10.0,1.05,1.62,3.05,7.3,2.05,17.0,1.37,1.69,2.13,2.82,4.0,2.73,2.04,1.63,1.34,1.16,,,
2026-03-16,14:00:00,Ethnikos Achna,AEK Larnaca,0.0,2.0,A,0.0,0.0,5.15,3.74,1.63,1.95,1.85,3.0,7.0,1.0,6.0,0.71,2.06,5.45,2.2,2.19,1.91,1.82,1.05,9.5,1.29,3.3,3.14,1.3,5.9,1.1,1.25,,1.14,,,1.37,2.81,2.35,1.45,6.1,1.08,21.0,1.01,1.25,3.5,2.15,1.62,4.8,1.15,12.0,1.04,5.05,2.75,1.97,,,1.5,1.83,3.0,3.34,4.97,2.37,1.83,1.48,1.24,1.09,,,
2026-03-16,14:00:00,Digenis Ypsonas,Enosis,4.0,0.0,H,1.0,0.0,1.13,6.0,14.0,1.57,2.25,8.0,0.0,8.0,1.0,1.76,0.52,1.53,2.7,12.0,2.25,1.57,1.01,14.1,1.15,4.5,2.61,1.42,4.64,1.13,1.11,,4.6,,,1.28,3.28,2.29,1.61,5.0,1.12,11.5,1.02,1.15,4.7,1.87,1.87,3.4,1.22,9.5,1.05,1.36,3.3,10.0,,,1.5,1.88,3.03,3.36,5.02,2.36,1.82,1.47,1.24,1.09,,,
2025-11-09,14:00:00,Omonia Nicosia,APOEL,2.0,2.0,D,1.0,1.0,2.42,3.3,3.0,1.81,1.92,4.0,1.0,4.0,3.0,1.16,0.99,2.58,2.22,3.35,1.69,2.17,1.01,9.3,1.26,3.5,3.05,1.31,6.19,1.12,1.3,1.31,1.52,2.0,2.0,1.36,3.0,2.66,1.41,6.0,1.1,21.0,1.02,1.2,4.0,2.03,1.75,4.0,1.22,10.0,1.05,2.48,2.46,3.22,4.0,5.8,,,1.85,,,,,1.85,,,,,
2025-10-19,13:00:00,APOEL,Olympiakos,2.0,2.0,D,0.0,2.0,1.25,4.8,12.0,1.89,1.99,10.0,3.0,2.0,1.0,2.27,0.73,1.69,2.36,9.0,2.3,1.53,1.0,12.9,1.27,3.5,3.16,1.31,5.5,1.12,1.01,1.11,3.96,1.0,7.0,1.34,3.23,2.55,1.44,6.0,1.1,21.0,1.02,1.25,3.6,2.05,1.71,4.0,1.17,12.0,1.04,1.5,2.85,8.0,1.85,17.0,1.42,1.8,2.25,3.04,4.4,2.55,2.0,1.56,1.29,1.13,,,
2026-03-21,12:00:00,Aris,Omonia Nicosia,2.0,2.0,D,0.0,2.0,3.2,3.4,2.0,1.77,2.0,4.0,3.0,2.0,6.0,1.02,1.38,3.8,2.2,2.48,1.62,2.1,1.02,12.0,1.23,3.84,2.8,1.35,5.24,1.1,1.7,,1.25,,,1.32,3.05,2.62,1.48,6.0,1.11,17.0,1.02,1.2,4.0,1.95,1.78,3.9,1.2,9.5,1.05,3.44,2.45,2.37,,,1.21,1.45,2.01,2.25,2.98,3.52,2.48,1.92,1.56,1.31,,,
2025-12-20,12:00:00,Enosis,Akritas,0.0,1.0,A,0.0,1.0,5.1,3.7,1.75,2.12,1.73,5.0,2.0,6.0,2.0,1.38,0.74,5.0,2.18,2.25,2.05,1.7,1.02,8.0,1.38,2.88,3.5,1.23,8.5,1.06,1.25,1.25,1.15,4.0,1.0,1.4,2.69,2.9,1.35,7.1,1.08,23.0,1.01,1.3,3.1,2.4,1.5,5.75,1.13,13.0,1.03,4.75,2.4,2.15,8.0,2.5,,1.8,,,,,1.91,,,,,,
2025-11-09,12:00:00,AEK Larnaca,Omonia Aradippou,1.0,0.0,H,0.0,0.0,1.35,4.61,8.0,1.87,1.95,6.0,2.0,7.0,2.0,1.76,0.77,1.85,2.3,7.7,2.17,1.64,1.0,9.3,1.23,3.42,2.92,1.3,5.55,1.13,1.01,1.16,2.95,1.0,6.0,1.35,2.95,2.65,1.42,6.0,1.1,14.0,1.02,1.25,4.2,2.1,1.7,4.8,1.17,12.0,1.04,1.64,2.78,7.2,2.1,13.0,,1.8,,,,,1.91,,,,,,
2025-12-20,14:00:00,Anorthosis,Olympiakos,0.0,0.0,D,0.0,0.0,1.74,3.5,4.68,2.09,1.8,3.0,1.0,6.0,2.0,1.16,0.48,2.29,2.17,5.77,1.8,1.91,1.06,9.5,1.3,2.88,3.58,1.21,6.5,1.1,1.25,1.19,2.15,1.0,4.0,1.45,2.62,2.95,1.34,7.2,1.06,29.0,1.01,1.25,3.6,2.31,1.62,4.8,1.17,15.0,1.04,2.05,2.4,4.75,2.7,8.0,,,,,,,,,,,,,
2026-03-22,14:00:00,AEK Larnaca,APOEL,1.0,0.0,H,1.0,0.0,2.0,3.4,3.29,2.07,1.7,1.0,5.0,4.0,1.0,0.9,1.34,2.63,2.05,3.9,1.62,1.95,1.06,8.5,1.35,3.0,3.7,1.27,7.2,1.03,1.33,,1.73,,,1.39,2.73,2.5,1.34,7.8,1.06,26.0,1.01,1.27,3.3,2.25,1.57,5.0,1.14,13.0,1.03,2.5,2.25,3.5,,,1.31,1.6,2.32,2.59,3.58,2.96,2.17,1.7,1.41,1.2,,,
2025-11-08,13:00:00,Ethnikos Achna,Apollon,0.0,1.0,A,0.0,1.0,3.83,3.5,1.7,1.86,1.94,0.0,4.0,5.0,4.0,0.59,1.31,4.42,2.34,2.44,1.69,2.05,1.02,8.3,1.21,3.58,3.05,1.36,6.41,1.07,1.85,1.26,1.26,3.0,1.0,1.35,3.21,2.62,1.42,6.2,1.1,17.0,1.02,1.21,4.1,2.0,1.77,4.4,1.18,10.0,1.05,3.9,2.5,2.25,7.0,3.1,,,2.05,,,,,1.7,,,,,
2026-04-14,13:00:00,AEK Larnaca,Omonia Nicosia,0.0,2.0,A,0.0,1.0,2.8,3.05,2.4,1.85,1.87,7.0,4.0,13.0,3.0,1.73,0.96,3.3,1.9,2.9,1.62,2.1,1.03,7.7,1.29,3.77,2.92,1.26,5.55,1.08,1.36,,1.35,,,1.44,2.56,2.85,1.42,6.5,1.07,23.0,1.01,1.21,3.9,2.12,1.72,4.3,1.17,11.0,1.04,3.21,2.39,2.7,,,1.46,1.81,2.32,3.28,4.64,2.41,1.89,1.52,1.25,1.11,2.18,6.76,2.06
2026-03-01,14:00:00,Aris,Paphos,2.0,2.0,D,0.0,0.0,2.16,3.44,3.09,1.78,1.98,4.0,9.0,1.0,12.0,1.01,2.41,2.8,2.2,3.2,1.61,2.15,1.03,11.0,1.2,3.72,2.9,1.33,5.44,1.08,1.36,,1.6,,,1.33,2.99,2.67,1.44,5.5,1.11,12.5,1.02,1.22,3.9,2.01,1.75,4.2,1.2,10.0,1.05,2.53,2.4,3.1,,,1.32,1.62,2.35,2.62,3.65,2.92,2.15,1.71,1.4,1.2,,,
2026-01-18,14:00:00,Apollon,APOEL,2.0,1.0,H,2.0,0.0,2.75,2.9,2.5,2.36,1.57,4.0,4.0,4.0,6.0,1.47,1.0,3.3,1.93,3.15,1.85,1.85,1.04,7.1,1.3,2.69,4.33,1.18,8.6,1.01,1.36,1.25,1.38,2.0,2.0,1.54,2.48,3.15,1.34,8.7,1.05,29.0,1.02,1.33,3.1,2.45,1.5,5.75,1.13,13.0,1.03,3.1,2.22,2.9,4.4,4.0,1.27,1.54,2.2,2.45,3.28,3.14,2.29,1.79,1.46,1.24,2.03,7.06,2.24
2026-04-14,11:00:00,APOEL,Apollon,2.0,3.0,A,0.0,1.0,2.5,2.9,2.75,2.37,1.56,5.0,4.0,8.0,6.0,1.57,1.79,3.32,1.95,3.35,1.91,1.73,1.04,6.9,1.34,2.59,4.33,1.18,7.0,1.0,1.36,,1.38,,,1.48,2.36,3.1,1.27,9.0,1.03,29.0,1.01,1.31,3.1,2.5,1.46,5.4,1.1,17.0,1.02,2.9,2.2,3.22,,,1.27,1.55,2.2,2.46,3.28,3.2,2.27,1.7,1.46,1.25,1.95,7.09,2.38
2026-02-13,14:00:00,Anorthosis,Digenis Ypsonas,1.0,1.0,D,1.0,0.0,1.75,3.2,4.4,2.15,1.71,5.0,0.0,5.0,3.0,1.36,0.55,2.38,2.05,5.52,2.03,1.7,1.04,6.9,1.28,2.66,3.9,1.22,7.6,1.03,1.28,,1.94,,,1.47,2.47,3.16,1.3,7.6,1.05,29.0,1.01,1.3,3.1,2.39,1.5,5.8,1.11,15.0,1.02,2.16,2.32,4.75,,,1.37,1.7,2.54,2.83,4.03,2.71,2.03,1.62,1.34,1.16,,,
2026-01-02,14:00:00,Omonia Aradippou,Digenis Ypsonas,1.0,0.0,H,0.0,0.0,2.32,3.1,3.1,2.13,1.68,6.0,5.0,6.0,4.0,1.52,1.39,2.98,1.95,3.55,1.83,1.95,1.04,7.6,1.32,2.88,3.6,1.21,7.2,1.03,1.33,1.3,1.55,2.0,2.0,1.44,2.54,2.99,1.35,7.3,1.07,26.0,1.01,1.26,3.6,2.31,1.56,4.9,1.14,13.0,1.03,2.8,2.3,3.5,3.8,4.8,1.47,1.83,2.35,3.22,4.74,2.44,1.87,1.5,1.27,1.1,1.84,6.86,2.6
2026-03-20,14:00:00,Omonia Aradippou,Enosis,1.0,2.0,A,1.0,2.0,1.09,8.0,15.0,1.56,2.35,7.0,4.0,14.0,3.0,2.6,0.85,1.44,2.8,19.0,2.5,1.3,1.02,9.2,1.18,4.4,2.39,1.52,4.2,1.22,1.05,,6.25,,,1.23,3.9,2.2,1.62,5.0,1.15,13.5,1.03,1.15,4.4,1.76,1.98,3.7,1.25,8.5,1.05,1.36,3.85,17.0,,,1.28,1.55,1.9,2.47,3.38,3.12,2.26,1.77,1.45,1.23,,,
2026-04-05,11:00:00,APOEL,Aris,2.0,1.0,H,1.0,0.0,2.1,3.25,2.9,1.88,1.88,1.0,2.0,1.0,8.0,0.88,1.52,2.8,2.13,3.75,1.67,1.98,1.0,9.2,1.24,3.34,3.05,1.28,5.85,1.07,1.3,,1.59,,,1.33,2.85,2.69,1.4,6.4,1.08,21.0,1.02,1.25,3.9,2.11,1.67,4.5,1.18,11.0,1.04,2.55,2.44,3.2,,,1.27,1.54,2.2,2.46,3.35,3.14,2.27,1.79,1.46,1.24,,,
2026-02-21,12:00:00,Apollon,Ethnikos Achna,0.0,0.0,D,0.0,0.0,1.4,4.35,7.54,1.72,2.05,1.0,0.0,,,0.14,1.22,1.86,2.48,5.7,1.97,1.77,1.04,11.0,1.18,3.9,2.75,1.36,5.0,1.14,1.17,,2.83,,,1.31,3.1,2.4,1.47,5.3,1.1,19.0,1.02,1.16,4.6,1.94,1.79,3.6,1.24,10.0,1.05,1.85,2.5,5.8,,,1.19,1.42,1.74,2.17,2.86,3.68,2.57,2.0,1.6,1.34,,,
2026-01-03,12:00:00,Ethnikos Achna,AEL,0.0,1.0,A,0.0,0.0,2.75,3.25,2.3,1.85,1.95,5.0,7.0,2.0,5.0,1.2,1.61,3.3,2.25,2.77,1.66,2.08,1.01,9.0,1.22,3.75,3.09,1.3,5.5,1.13,1.25,1.25,1.36,2.0,2.0,1.35,2.9,2.62,1.42,6.3,1.1,21.0,1.02,1.22,3.9,1.98,1.73,4.33,1.2,12.0,1.04,3.26,2.46,2.55,5.5,3.9,1.4,1.73,2.19,2.92,4.2,2.64,2.0,1.59,1.32,1.14,,,
2026-05-01,13:00:00,Akritas,Ethnikos Achna,1.0,0.0,H,1.0,0.0,2.62,3.2,2.3,1.85,1.9,5.0,5.0,4.0,7.0,1.39,1.5,3.44,2.14,2.92,1.65,2.11,1.0,9.9,1.22,3.5,3.04,1.29,5.9,1.07,1.27,,1.4,,,1.33,2.99,2.66,1.41,6.4,1.07,21.0,1.01,1.21,3.9,2.08,1.69,4.2,1.17,11.0,1.05,3.14,2.45,2.68,,,1.49,1.87,3.0,3.32,4.94,2.38,1.83,1.48,1.24,1.09,,,
2026-05-10,12:00:00,Omonia Nicosia,AEK Larnaca,1.0,1.0,D,0.0,1.0,1.88,3.4,4.2,1.8,2.0,3.0,4.0,4.0,1.0,2.06,0.9,2.3,2.1,4.2,1.7,2.05,1.01,10.0,1.22,3.75,2.94,1.36,5.3,1.13,1.3,,1.91,,,1.35,2.9,2.69,1.47,6.0,1.11,17.0,1.02,1.22,3.8,2.0,1.7,4.2,1.18,11.0,1.05,2.08,2.56,4.25,,,1.32,1.62,2.0,2.62,3.65,2.92,2.15,1.7,1.4,1.2,,,
2026-01-04,14:00:00,Apollon,Paphos,2.0,1.0,H,1.0,1.0,3.57,3.2,2.11,2.25,1.6,6.0,8.0,6.0,12.0,1.48,1.75,4.46,2.1,2.82,1.95,1.74,1.03,7.4,1.42,2.66,4.2,1.14,8.9,1.01,1.33,1.29,1.26,3.0,2.0,1.48,2.65,3.33,1.3,9.5,1.06,29.0,1.01,1.29,3.22,2.44,1.48,6.0,1.13,17.0,1.02,3.84,2.25,2.5,5.8,3.3,1.26,1.53,2.17,2.42,3.28,3.2,2.3,1.8,1.48,1.25,,,
2026-02-14,11:00:00,Akritas,Aris,1.0,1.0,D,0.0,0.0,7.5,5.0,1.28,1.53,2.39,3.0,2.0,1.0,5.0,0.79,0.98,8.15,2.5,1.7,2.05,1.77,1.01,15.5,1.15,4.1,2.45,1.52,4.15,1.16,1.15,,1.07,,,1.23,3.7,2.29,1.57,4.8,1.15,11.0,1.01,1.2,5.1,1.82,1.91,3.8,1.22,8.5,1.06,6.5,2.88,1.55,,,1.36,1.67,2.48,2.77,3.91,2.77,2.07,1.65,1.36,1.17,,,
2026-02-04,14:00:00,Paphos,APOEL,2.0,0.0,H,0.0,0.0,2.01,3.1,3.4,2.23,1.74,5.0,3.0,7.0,7.0,1.43,1.4,2.63,2.15,4.47,1.93,1.95,1.03,8.5,1.33,2.92,3.79,1.16,7.5,1.05,1.26,1.25,1.64,1.0,3.0,1.4,2.48,2.95,1.34,8.0,1.07,26.0,1.01,1.29,3.3,2.27,1.45,5.0,1.14,13.0,1.03,2.4,2.3,3.9,3.1,6.0,1.26,1.85,2.15,2.4,3.24,3.24,1.85,1.82,1.49,1.26,,,
2026-04-05,10:00:00,Ethnikos Achna,Anorthosis,1.0,0.0,H,0.0,0.0,1.8,3.4,3.75,1.9,1.85,2.0,1.0,1.0,2.0,0.63,0.57,2.3,2.15,4.21,1.74,1.83,1.01,9.65,1.23,3.4,3.08,1.28,5.53,1.06,1.18,,1.86,,,1.35,2.9,2.62,1.4,6.5,1.08,21.0,1.01,1.25,3.9,2.1,1.67,4.5,1.18,11.0,1.04,2.22,2.48,4.05,,,,,,,,,,,,,,,
2026-01-04,12:00:00,AEK Larnaca,Anorthosis,4.0,0.0,H,2.0,0.0,1.53,4.0,6.2,2.09,1.73,5.0,5.0,1.0,1.0,1.17,1.2,2.05,2.13,6.0,2.01,1.72,1.02,7.9,1.33,3.04,3.34,1.29,6.3,1.06,1.24,1.18,2.21,1.0,5.0,1.41,2.66,2.9,1.36,6.8,1.08,23.0,1.01,1.24,3.8,2.21,1.61,4.6,1.17,13.0,1.03,1.9,2.4,5.4,2.45,10.0,1.49,1.85,2.41,3.32,4.94,2.38,1.83,1.48,1.24,1.09,,,
2026-05-22,11:30:00,Paphos,APOEL,2.0,0.0,H,2.0,0.0,2.0,3.3,3.2,1.64,2.17,11.0,3.0,5.0,4.0,2.41,1.0,2.3,2.3,4.0,1.57,2.15,1.0,12.0,1.17,3.98,2.6,1.45,4.62,1.17,1.2,,1.8,,,1.31,3.1,2.36,1.51,5.6,1.1,15.0,1.02,1.2,4.2,1.91,1.8,3.9,1.22,9.0,1.06,2.2,2.62,3.55,,,,1.67,,,,,2.05,,,,,,
2026-02-14,12:00:00,Omonia Nicosia,Enosis,3.0,0.0,H,1.0,0.0,1.02,15.0,56.0,1.16,5.53,9.0,0.0,10.0,2.0,2.86,0.45,1.24,3.9,19.0,3.1,1.28,1.0,17.0,1.04,10.0,1.41,2.52,1.97,1.84,1.0,,26.31,,,1.09,6.1,1.68,2.09,2.68,1.45,5.4,1.12,1.02,9.9,1.31,3.1,2.35,1.83,3.4,1.27,1.08,5.5,29.0,,,1.15,1.34,1.63,2.02,2.59,4.15,2.82,2.12,1.71,1.41,,,
2026-05-16,12:00:00,Apollon,Aris,3.0,2.0,H,3.0,0.0,2.47,3.3,2.7,1.83,1.93,5.0,11.0,1.0,7.0,1.11,2.45,2.38,2.25,4.0,1.67,2.05,1.0,11.0,1.22,3.75,2.9,1.36,5.25,1.13,1.25,,1.85,,,1.35,2.9,2.54,1.44,6.0,1.08,17.0,1.02,1.22,3.9,2.0,1.73,4.2,1.2,10.0,1.05,2.38,2.4,3.6,,,1.18,1.4,1.91,2.14,2.79,3.78,2.62,2.01,1.62,1.35,,,
2026-02-14,14:00:00,AEK Larnaca,Apollon,0.0,1.0,A,0.0,1.0,1.9,3.2,3.85,2.1,1.75,5.0,5.0,6.0,1.0,1.77,1.41,2.44,2.02,5.08,1.85,1.87,1.02,7.9,1.3,3.1,3.48,1.25,7.0,1.04,1.3,,1.85,,,1.43,2.59,2.75,1.35,6.7,1.07,26.0,1.01,1.29,3.4,2.25,1.6,5.0,1.15,13.0,1.03,2.21,2.38,4.38,,,1.47,1.84,2.91,3.24,4.77,2.43,1.86,1.5,1.26,1.1,,,
2026-02-22,12:00:00,APOEL,Omonia Nicosia,1.0,0.0,H,0.0,0.0,3.3,2.88,2.15,2.04,1.72,6.0,2.0,3.0,3.0,1.48,1.14,3.75,2.14,3.06,1.74,1.94,1.02,7.8,1.31,3.31,3.34,1.24,6.75,1.04,1.56,,1.33,,,1.41,2.82,3.08,1.35,6.7,1.07,26.0,1.01,1.24,3.6,2.25,1.63,4.6,1.16,13.0,1.03,3.5,2.33,2.6,,,1.26,1.53,2.17,2.42,3.28,3.2,2.3,1.81,1.48,1.25,,,
2026-01-03,13:00:00,APOEL,Enosis,3.0,0.0,H,1.0,0.0,1.1,9.0,30.54,1.53,2.28,7.0,2.0,5.0,3.0,2.46,0.69,1.48,3.0,15.5,2.93,1.35,1.01,17.5,1.18,4.6,2.33,1.57,3.85,1.18,1.05,1.07,5.7,1.0,11.0,1.25,3.28,2.31,1.57,4.8,1.17,11.0,1.04,1.13,5.4,1.85,1.85,3.8,1.32,8.5,1.06,1.28,3.8,14.75,1.55,36.0,,,,,,,,,,,,,
2026-01-03,14:00:00,Akritas,Omonia Nicosia,0.0,4.0,A,0.0,1.0,8.0,4.75,1.3,1.61,2.1,3.0,7.0,1.0,10.0,0.97,2.04,8.32,2.6,1.78,1.97,1.79,1.02,15.5,1.2,4.3,2.41,1.46,4.2,1.13,3.2,1.16,1.02,6.0,1.0,1.28,3.25,2.3,1.5,5.0,1.15,11.5,1.02,1.15,4.2,1.82,1.91,3.4,1.22,9.0,1.06,7.0,2.95,1.7,15.0,2.25,1.3,1.59,2.0,2.55,3.52,3.01,2.2,1.73,1.42,1.21,,,
2026-01-04,11:00:00,Olympiakos,Aris,0.0,0.0,D,0.0,0.0,7.4,4.4,1.42,1.7,2.02,4.0,0.0,3.0,8.0,1.27,1.36,6.0,2.35,1.96,1.89,1.81,1.03,13.8,1.18,3.85,2.62,1.41,5.49,1.15,1.17,1.14,1.06,6.0,1.0,1.31,3.1,2.47,1.47,6.0,1.13,13.0,1.01,1.17,4.7,1.93,1.8,3.7,1.25,10.0,1.05,6.36,2.75,1.7,13.0,2.3,,1.73,,,,,2.0,,,,,,
2026-02-15,11:00:00,Ethnikos Achna,APOEL,3.0,2.0,H,2.0,1.0,3.87,3.5,1.78,1.88,1.88,6.0,7.0,3.0,5.0,1.18,2.12,4.59,2.09,2.51,1.8,1.94,1.01,11.0,1.24,3.34,3.1,1.3,5.75,1.07,1.25,,1.17,,,1.35,3.01,2.62,1.4,6.0,1.09,21.0,1.01,1.25,3.7,2.02,1.67,4.6,1.18,12.0,1.04,4.4,2.6,2.14,,,1.36,1.67,2.48,2.77,3.91,2.77,2.07,1.65,1.36,1.17,,,
2026-01-17,14:00:00,Olympiakos,Paphos,2.0,0.0,H,0.0,0.0,6.8,4.1,1.41,1.73,2.04,4.0,8.0,7.0,5.0,1.16,1.65,6.5,2.25,1.95,1.95,1.76,1.04,11.3,1.26,3.8,3.08,1.33,5.0,1.1,1.2,1.17,1.12,5.0,1.0,1.32,3.05,2.73,1.44,6.5,1.1,19.0,1.02,1.25,3.6,2.12,1.72,4.4,1.18,11.0,1.04,6.5,2.5,1.75,12.0,2.3,1.47,1.84,2.91,3.24,4.77,2.43,1.86,1.5,1.26,1.1,,,
2025-11-21,14:00:00,Paphos,Aris,2.0,1.0,H,1.0,1.0,2.37,3.18,2.75,1.95,1.78,4.0,4.0,5.0,4.0,1.13,0.93,3.15,2.06,3.51,1.73,1.88,1.06,9.0,1.3,3.25,3.59,1.23,6.15,1.1,1.32,1.33,1.46,2.0,2.0,1.41,2.66,2.81,1.37,6.8,1.08,23.0,1.01,1.25,3.6,2.15,1.62,4.6,1.17,12.0,1.04,2.79,2.38,3.02,4.2,5.0,1.4,1.73,2.62,2.92,4.2,2.64,1.99,1.59,1.32,1.14,,,
2026-01-11,12:00:00,Enosis,Apollon,0.0,1.0,A,0.0,1.0,11.0,5.1,1.3,1.88,1.92,1.0,6.0,3.0,10.0,0.56,1.95,9.0,2.34,1.76,2.47,1.54,1.01,12.0,1.28,3.4,3.22,1.29,5.7,1.12,1.11,,1.02,,,1.35,2.9,2.69,1.4,6.5,1.09,19.0,1.02,1.21,4.1,2.15,1.69,4.1,1.21,12.0,1.04,8.6,2.62,1.57,17.0,1.85,1.36,1.67,2.48,2.77,3.91,2.77,2.07,1.65,1.36,1.17,,,
2026-01-10,14:00:00,APOEL,Akritas,2.0,1.0,H,0.0,0.0,1.25,5.5,12.1,1.71,2.07,4.0,1.0,8.0,2.0,2.39,0.66,1.66,2.5,8.1,2.43,1.55,1.02,14.8,1.16,4.0,2.8,1.45,5.19,1.14,1.11,,3.88,,,1.3,3.22,2.41,1.52,5.8,1.14,12.5,1.01,1.16,4.8,1.79,1.85,4.0,1.27,10.0,1.05,1.47,3.1,8.0,1.83,21.0,1.36,1.67,2.1,2.77,3.91,2.77,2.07,1.65,1.36,1.17,,,
2025-11-22,14:00:00,Olympiakos,AEK Larnaca,1.0,4.0,A,1.0,4.0,6.0,3.75,1.44,1.93,1.8,1.0,8.0,2.0,10.0,0.68,2.04,5.5,2.15,2.13,2.01,1.8,1.01,11.0,1.25,3.3,3.35,1.3,6.0,1.06,1.2,1.21,1.11,5.0,1.0,1.4,2.75,2.94,1.38,7.0,1.08,21.0,1.01,1.22,3.6,2.05,1.7,4.3,1.17,12.0,1.04,5.3,2.5,1.89,10.0,2.45,1.61,2.03,3.48,3.85,5.94,2.16,1.73,1.38,1.18,1.05,,,
2025-11-22,12:00:00,Omonia Aradippou,Ethnikos Achna,3.0,2.0,H,1.0,1.0,2.2,3.2,2.76,1.92,1.77,7.0,6.0,4.0,5.0,1.76,1.5,2.95,2.15,3.38,1.7,2.05,1.01,10.0,1.25,3.34,3.1,1.3,5.6,1.11,1.33,1.28,1.53,2.0,2.0,1.38,3.05,2.8,1.39,7.0,1.11,13.5,1.01,1.25,4.2,2.12,1.67,4.6,1.18,12.0,1.04,2.7,2.3,3.1,4.2,5.0,1.24,1.5,2.1,2.35,3.16,3.32,2.37,1.85,1.51,1.27,,,
2026-01-09,14:00:00,AEL,Omonia Nicosia,0.0,2.0,A,0.0,1.0,4.81,3.9,1.53,1.81,1.93,4.0,2.0,5.0,1.0,1.6,0.8,5.39,2.35,2.18,1.79,1.92,1.0,9.0,1.23,3.42,2.88,1.32,6.0,1.09,1.16,,1.15,,,1.35,2.9,2.45,1.43,6.0,1.11,14.0,1.01,1.2,3.75,2.05,1.71,4.1,1.21,11.0,1.04,4.65,2.58,1.97,8.0,2.9,1.13,1.31,1.57,1.97,2.51,4.32,2.92,1.73,1.74,1.44,5.62,10.1,1.25
2025-11-23,12:00:00,Enosis,Anorthosis,2.0,3.0,A,2.0,1.0,6.0,3.72,1.53,2.08,1.7,4.0,8.0,5.0,6.0,1.17,1.86,5.0,2.08,2.05,2.05,1.65,1.06,8.5,1.36,2.92,3.7,1.22,6.5,1.08,1.24,1.29,1.09,4.0,1.0,1.42,2.59,2.98,1.33,8.0,1.07,26.0,1.01,1.25,3.7,2.29,1.57,5.5,1.16,13.0,1.03,5.5,2.3,2.05,9.5,2.3,1.4,1.73,2.19,2.92,4.2,2.64,1.99,1.59,1.32,1.14,,,
2025-11-24,14:00:00,Digenis Ypsonas,Akritas,0.0,3.0,A,0.0,1.0,2.14,3.2,3.32,1.97,1.76,3.0,6.0,5.0,6.0,1.09,1.37,2.75,2.01,3.76,1.75,1.95,1.06,9.0,1.27,3.08,3.42,1.23,6.9,1.05,1.33,1.25,1.65,1.0,3.0,1.4,2.69,3.06,1.35,7.0,1.08,23.0,1.01,1.25,3.4,2.25,1.6,4.7,1.15,13.0,1.03,2.45,2.38,3.7,3.5,5.8,1.49,1.87,3.0,3.32,4.94,2.38,1.83,1.48,1.24,1.09,,,
2026-02-22,14:00:00,Omonia Aradippou,AEK Larnaca,2.0,1.0,H,0.0,1.0,5.4,3.7,1.61,1.95,1.85,5.0,6.0,7.0,9.0,1.55,1.88,4.9,2.2,2.21,2.01,1.78,1.02,9.95,1.31,3.33,3.28,1.29,6.55,1.05,1.27,,1.16,,,1.38,2.83,2.81,1.37,6.3,1.08,23.0,1.01,1.25,3.5,2.17,1.62,4.3,1.18,13.0,1.03,5.0,2.45,1.96,,,1.54,1.94,3.21,3.56,5.39,2.27,1.77,1.43,1.21,1.07,,,
2026-05-10,12:00:00,Apollon,APOEL,2.0,0.0,H,1.0,0.0,2.1,3.25,3.25,1.95,1.73,6.0,2.0,3.0,6.0,1.52,0.88,2.8,2.15,4.01,1.75,1.95,1.06,9.0,1.3,3.1,3.2,1.25,6.0,1.08,1.33,,1.62,,,1.4,2.69,2.77,1.38,7.0,1.05,23.0,1.01,1.25,3.5,2.16,1.62,4.8,1.15,13.0,1.03,2.45,2.3,3.5,,,1.21,1.45,1.77,2.25,2.98,3.52,2.48,1.9,1.56,1.31,,,
2026-03-21,12:00:00,Anorthosis,Akritas,3.0,2.0,H,0.0,1.0,1.48,3.9,5.5,1.88,1.87,4.0,3.0,7.0,2.0,1.36,1.09,2.0,2.25,6.0,1.91,1.73,1.05,10.3,1.24,3.3,3.08,1.28,6.48,1.1,1.09,,2.38,,,1.35,2.9,2.69,1.4,6.8,1.08,21.0,1.01,1.25,3.5,2.15,1.62,4.8,1.15,12.0,1.04,1.95,2.45,5.7,,,1.36,1.67,2.05,2.77,3.91,2.77,2.07,1.67,1.36,1.17,,,
2026-03-21,14:00:00,Digenis Ypsonas,Olympiakos,1.0,0.0,H,0.0,0.0,2.2,3.15,3.25,2.3,1.5,1.0,4.0,6.0,3.0,1.1,1.26,2.5,2.0,4.33,1.95,1.7,1.08,6.5,1.44,2.49,4.5,1.17,10.0,1.01,1.36,,1.73,,,1.44,2.54,3.36,1.3,9.8,1.05,29.0,1.01,1.33,2.9,2.53,1.44,6.3,1.11,19.0,1.02,2.45,2.28,4.1,,,1.7,2.21,4.04,4.44,7.1,2.0,1.58,1.3,1.12,1.01,,,
2026-04-04,10:00:00,Enosis,Olympiakos,1.0,3.0,A,0.0,1.0,14.0,5.0,1.24,2.05,1.79,2.0,3.0,0.0,6.0,0.57,1.23,8.87,2.29,1.68,2.8,1.44,1.04,6.4,1.31,3.0,3.42,1.25,6.75,1.1,1.09,,1.03,,,1.43,2.6,2.95,1.33,7.8,1.06,23.0,1.01,1.3,3.5,2.15,1.62,5.1,1.15,15.0,1.03,9.5,2.75,1.53,,,1.47,1.84,2.91,3.24,4.77,2.43,1.86,1.5,1.26,1.1,,,
2026-05-02,13:00:00,Anorthosis,Enosis,2.0,0.0,H,1.0,0.0,1.14,6.5,11.0,1.44,2.62,5.0,0.0,6.0,3.0,1.6,0.49,1.51,2.88,11.0,2.35,1.53,1.02,13.9,1.11,4.85,2.23,1.66,3.7,1.23,1.06,,4.85,,,1.22,3.8,2.2,1.66,4.3,1.16,10.5,1.01,1.11,5.5,1.7,2.06,2.9,1.34,7.5,1.07,1.34,3.7,11.1,,,1.3,1.59,1.9,2.55,3.52,3.01,2.2,1.77,1.42,1.21,,,
2026-01-10,14:00:00,Aris,AEK Larnaca,1.0,0.0,H,0.0,0.0,2.5,3.1,3.1,2.08,1.71,3.0,3.0,3.0,3.0,1.34,0.77,3.18,2.05,3.78,1.78,1.93,1.03,7.4,1.34,2.97,3.74,1.27,6.45,1.05,1.26,,1.4,,,1.44,2.5,2.95,1.34,7.3,1.07,26.0,1.01,1.29,3.3,2.25,1.6,5.0,1.16,13.0,1.03,2.77,2.31,3.26,4.4,4.6,1.49,1.87,2.41,3.32,4.94,2.38,1.83,1.48,1.24,1.09,,,
2026-05-16,12:00:00,APOEL,Omonia Nicosia,0.0,3.0,A,0.0,2.0,2.75,3.4,2.38,1.83,1.93,1.0,9.0,5.0,4.0,1.31,1.91,3.7,2.2,2.74,1.7,2.05,1.05,9.65,1.28,3.4,3.2,1.3,6.2,1.11,1.3,,1.3,,,1.35,2.9,2.73,1.39,6.5,1.07,21.0,1.01,1.22,3.75,2.05,1.67,4.4,1.18,11.0,1.04,3.51,2.43,2.48,,,1.24,1.5,2.1,2.35,3.16,3.32,2.37,1.85,1.51,1.27,,,
2026-03-22,12:00:00,Paphos,Apollon,1.0,1.0,D,1.0,1.0,1.85,3.5,3.75,1.99,1.85,4.0,1.0,2.0,8.0,1.03,1.27,2.4,2.25,4.71,1.81,1.95,1.01,8.4,1.27,3.3,3.0,1.29,6.85,1.1,1.3,,1.91,,,1.38,2.77,2.77,1.38,7.5,1.08,23.0,1.01,1.25,3.5,2.15,1.62,4.8,1.15,12.0,1.04,2.22,2.3,4.2,,,1.21,1.45,1.77,2.25,2.98,3.52,2.48,1.9,1.56,1.31,,,
2026-03-22,11:00:00,AEL,Ethnikos Achna,1.0,1.0,D,0.0,1.0,2.05,3.25,3.2,1.85,1.92,7.0,4.0,1.0,1.0,1.69,1.09,2.5,2.23,3.8,1.79,1.98,1.05,9.2,1.22,3.5,2.92,1.31,6.28,1.08,1.29,,1.7,,,1.33,2.9,2.62,1.42,6.5,1.09,19.0,1.02,1.25,3.6,2.05,1.65,4.3,1.17,12.0,1.04,2.5,2.48,3.6,,,1.26,1.52,2.15,2.4,3.24,3.24,2.32,1.83,1.49,1.26,,,
2026-01-12,14:00:00,Digenis Ypsonas,Olympiakos,1.0,0.0,H,1.0,0.0,2.5,3.15,3.0,2.23,1.57,3.0,10.0,5.0,7.0,1.19,2.4,3.1,2.04,3.8,1.85,1.79,1.04,7.4,1.38,2.66,4.47,1.15,8.9,1.01,1.34,,1.49,,,1.51,2.57,3.2,1.28,9.5,1.06,29.0,1.01,1.29,3.22,2.44,1.48,6.0,1.12,17.0,1.02,2.82,2.25,3.3,3.75,4.5,1.49,1.87,2.41,3.32,4.94,2.38,1.83,1.48,1.24,1.09,,,
2026-01-11,12:00:00,Anorthosis,Ethnikos Achna,1.0,0.0,H,1.0,0.0,1.7,3.85,4.8,1.82,1.98,5.0,3.0,10.0,5.0,1.59,1.09,2.3,2.06,4.82,1.76,1.96,1.0,9.0,1.24,3.34,3.14,1.34,6.15,1.12,1.28,,1.87,,,1.38,2.77,2.73,1.39,6.3,1.1,21.0,1.01,1.21,4.1,2.11,1.67,4.6,1.2,12.0,1.04,2.3,2.46,3.9,3.1,6.5,1.28,1.55,2.21,2.47,3.38,3.12,2.26,1.78,1.46,1.24,,,
2026-01-12,14:00:00,Paphos,Omonia Aradippou,2.0,0.0,H,1.0,0.0,1.18,6.25,11.0,1.59,2.31,9.0,5.0,3.0,1.0,2.06,1.24,1.54,2.58,11.75,2.2,1.52,1.01,16.5,1.16,4.55,2.48,1.48,4.45,1.16,1.07,,4.7,,,1.27,3.35,2.29,1.54,5.0,1.16,11.5,1.02,1.18,5.2,1.85,1.94,3.75,1.3,9.0,1.06,1.38,3.44,9.5,1.75,26.0,1.27,1.54,2.19,2.44,3.32,3.16,2.29,1.8,1.47,1.24,,,
2026-01-17,12:00:00,Akritas,AEL,0.0,2.0,A,0.0,2.0,4.4,3.65,1.8,1.97,1.83,2.0,4.0,6.0,1.0,1.03,1.24,4.33,2.05,2.63,1.85,1.83,1.03,8.0,1.36,2.9,3.7,1.22,7.1,1.06,1.3,1.25,1.22,3.0,1.0,1.44,2.54,3.28,1.32,7.6,1.06,29.0,1.01,1.3,3.2,2.38,1.53,5.2,1.13,13.0,1.03,4.32,2.33,2.26,7.0,3.0,,,2.05,,,,,1.7,,,,,
2026-02-20,14:00:00,Enosis,AEL,0.0,2.0,A,0.0,1.0,11.0,5.15,1.25,1.91,1.8,2.0,4.0,2.0,4.0,0.92,1.32,9.5,2.38,1.75,2.46,1.48,1.01,9.0,1.3,3.3,3.27,1.25,6.5,1.1,1.18,,1.04,,,1.36,2.9,2.62,1.42,7.0,1.09,21.0,1.01,1.3,3.3,2.3,1.53,5.0,1.14,13.0,1.03,8.7,2.63,1.56,,,1.44,1.8,2.8,3.12,4.56,2.5,1.9,1.53,1.28,1.12,10.2,12.7,1.1
2026-02-20,14:00:00,Digenis Ypsonas,Aris,1.0,1.0,D,0.0,0.0,5.25,3.8,1.54,1.91,1.83,1.0,3.0,3.0,2.0,0.81,1.14,5.5,2.25,2.05,1.91,1.75,1.01,8.5,1.29,3.4,3.1,1.3,6.48,1.11,1.25,,1.13,,,1.36,2.88,2.7,1.4,6.5,1.08,21.0,1.02,1.19,3.6,2.1,1.65,4.1,1.17,12.0,1.04,5.45,2.61,1.95,,,1.34,1.58,2.02,2.47,3.3,2.9,2.15,1.69,1.45,1.21,3.48,6.9,1.42
2026-01-17,11:00:00,Ethnikos Achna,Aris,0.0,3.0,A,0.0,2.0,7.5,4.4,1.38,1.65,2.15,2.0,4.0,9.0,2.0,1.08,0.98,7.0,2.5,1.75,1.89,1.72,1.03,13.0,1.2,4.0,2.56,1.4,5.0,1.17,1.18,1.14,1.08,6.0,1.0,1.3,3.16,2.39,1.5,5.8,1.14,15.0,1.01,1.2,4.0,1.95,1.75,3.6,1.2,9.5,1.05,6.1,2.88,1.65,13.0,2.3,,,1.91,,,,,1.8,,,,,
2026-01-18,11:00:00,Omonia Nicosia,Anorthosis,2.0,0.0,H,1.0,0.0,1.35,4.85,7.5,1.56,2.2,5.0,2.0,2.0,7.0,1.5,1.15,1.83,2.4,6.9,2.0,1.85,1.03,15.0,1.2,4.2,2.46,1.44,4.3,1.17,1.17,1.15,3.25,1.0,6.0,1.28,3.28,2.34,1.52,5.1,1.14,12.0,1.01,1.2,4.0,1.95,1.75,4.0,1.22,9.5,1.05,1.67,2.8,6.81,2.15,15.0,1.21,1.45,2.01,2.25,2.98,3.52,2.48,1.92,1.56,1.31,1.22,10.5,5.1
2026-05-01,13:00:00,Olympiakos,Omonia Aradippou,2.0,1.0,H,1.0,0.0,2.45,3.25,2.5,1.76,2.01,4.0,3.0,2.0,9.0,1.18,1.53,3.0,2.12,3.26,1.59,2.21,1.0,9.95,1.2,3.72,2.74,1.35,5.1,1.1,1.28,,1.49,,,1.33,2.99,2.53,1.45,6.2,1.08,19.0,1.02,1.2,4.0,1.97,1.77,4.1,1.18,9.5,1.05,2.7,2.51,2.92,,,1.53,1.92,3.13,3.48,5.22,2.31,1.79,1.45,1.22,1.08,,,
2026-01-18,12:00:00,AEK Larnaca,Digenis Ypsonas,2.0,1.0,H,1.0,0.0,1.18,6.2,22.0,1.61,2.05,4.0,5.0,3.0,4.0,1.45,1.34,1.63,2.45,11.63,2.45,1.5,1.04,12.0,1.16,3.86,2.3,1.62,5.25,1.09,1.1,1.1,4.15,1.0,8.0,1.3,3.0,2.45,1.44,5.8,1.11,14.0,1.02,1.25,3.7,2.02,1.67,4.4,1.18,11.0,1.04,1.49,3.04,9.0,1.75,19.0,1.66,2.12,3.74,4.13,6.49,2.08,1.64,1.34,1.15,1.03,1.18,10.25,6.1
2026-01-19,14:00:00,Omonia Aradippou,Enosis,4.0,1.0,H,0.0,0.0,1.41,4.2,7.9,1.95,1.75,10.0,3.0,9.0,0.0,2.68,0.53,1.91,2.11,7.5,2.2,1.6,1.05,9.5,1.3,3.2,3.59,1.25,6.55,1.08,1.22,1.16,2.7,1.0,6.0,1.4,2.69,2.85,1.36,7.5,1.07,23.0,1.02,1.29,3.3,2.21,1.57,4.8,1.14,13.0,1.03,1.73,2.4,6.5,2.1,11.0,1.36,1.67,2.1,2.77,3.91,2.77,2.07,1.65,1.36,1.17,,,
2026-02-28,13:00:00,Anorthosis,Enosis,3.0,0.0,H,1.0,0.0,1.08,10.15,21.0,1.44,2.5,10.0,3.0,6.0,4.0,2.26,0.86,1.5,3.24,12.0,2.8,1.44,1.01,18.0,1.14,5.0,2.2,1.6,3.85,1.25,1.01,,4.25,,,1.25,3.8,2.14,1.65,4.5,1.15,13.0,1.03,1.18,4.6,1.75,1.91,3.6,1.25,8.0,1.07,1.4,3.3,13.0,,,1.32,1.62,2.37,2.65,3.69,2.9,2.14,1.7,1.39,1.19,,,
2026-02-21,13:00:00,Olympiakos,Akritas,1.0,3.0,A,1.0,0.0,1.96,3.25,3.75,2.12,1.68,2.0,7.0,2.0,5.0,1.12,1.55,2.61,2.17,4.65,1.95,1.85,1.04,7.1,1.37,3.07,3.9,1.21,8.0,1.04,1.32,,1.75,,,1.45,2.74,2.75,1.34,8.5,1.07,26.0,1.01,1.29,3.35,2.25,1.57,4.8,1.15,15.0,1.03,2.32,2.25,4.0,,,1.61,2.03,3.48,3.85,5.94,2.16,1.7,1.38,1.18,1.05,,,
2026-02-21,13:00:00,Paphos,Anorthosis,0.0,0.0,D,0.0,0.0,1.36,4.0,5.75,1.88,1.92,2.0,0.0,1.0,1.0,0.42,0.16,1.93,2.49,6.0,1.95,1.76,1.04,12.1,1.23,3.66,3.16,1.35,5.6,1.08,1.22,,2.71,,,1.35,2.95,2.78,1.44,6.5,1.1,19.0,1.02,1.18,4.3,2.06,1.7,4.5,1.18,11.0,1.04,1.8,2.5,5.9,,,,,,,,,,,,,,,
2026-02-28,12:00:00,AEL,APOEL,2.0,3.0,A,0.0,1.0,3.5,3.2,1.91,2.04,1.8,2.0,6.0,6.0,2.0,1.29,1.47,4.5,2.1,2.7,1.82,1.95,1.01,8.3,1.32,3.2,3.34,1.25,6.55,1.05,1.8,,1.22,,,1.41,2.66,2.8,1.36,6.5,1.08,23.0,1.01,1.25,3.4,2.2,1.6,5.0,1.15,12.0,1.03,4.04,2.3,2.3,,,1.3,1.58,1.9,2.53,3.48,3.04,2.21,1.75,1.43,1.22,,,
2026-04-19,10:00:00,Olympiakos,Akritas,0.0,1.0,A,0.0,0.0,1.8,3.4,4.27,1.98,1.81,2.0,1.0,6.0,6.0,1.36,1.05,2.3,2.07,4.85,1.75,1.91,1.0,9.5,1.26,3.3,3.28,1.3,6.5,1.05,1.18,,1.95,,,1.39,2.86,2.81,1.37,6.7,1.06,23.0,1.02,1.25,3.5,2.15,1.62,4.8,1.15,12.0,1.04,2.2,2.38,4.46,,,,2.05,,,,,1.65,,,,,,
2026-04-25,10:00:00,Enosis,Akritas,1.0,2.0,A,0.0,0.0,9.5,4.3,1.35,2.06,1.8,2.0,7.0,3.0,4.0,0.69,1.6,8.0,2.25,1.86,2.3,1.5,1.06,9.0,1.3,3.1,3.42,1.25,6.65,1.08,1.16,,1.0,,,1.41,2.69,2.9,1.35,8.0,1.05,26.0,1.01,1.3,3.2,2.25,1.59,5.0,1.13,15.0,1.03,7.5,2.67,1.63,,,1.4,1.7,2.19,2.92,4.2,2.64,1.99,1.59,1.32,1.14,,,
2026-04-25,11:00:00,Omonia Aradippou,Digenis Ypsonas,1.0,1.0,D,1.0,0.0,2.0,3.1,3.3,2.1,1.67,5.0,5.0,8.0,5.0,1.83,1.39,2.63,1.97,4.0,1.83,1.83,1.02,8.0,1.37,3.0,3.86,1.22,7.5,1.08,1.33,,1.7,,,1.44,2.56,3.0,1.33,7.6,1.04,26.0,1.01,1.29,3.3,2.25,1.55,5.0,1.14,13.0,1.03,2.5,2.25,3.6,,,1.4,1.7,2.62,2.92,4.2,2.64,2.0,1.59,1.32,1.14,,,
2026-05-03,13:00:00,Apollon,Paphos,2.0,1.0,H,2.0,1.0,2.55,3.25,2.66,2.09,1.71,2.0,7.0,2.0,4.0,0.91,1.67,3.28,2.0,3.1,1.7,2.0,1.01,8.5,1.28,3.05,3.5,1.22,7.1,1.04,1.32,,1.44,,,1.42,2.62,3.16,1.34,7.4,1.05,26.0,1.01,1.26,3.5,2.23,1.6,5.0,1.13,13.0,1.03,2.9,2.3,2.97,,,1.14,1.34,1.62,2.0,2.57,4.19,2.84,2.14,1.7,1.42,,,
2026-05-02,11:00:00,Digenis Ypsonas,AEL,1.0,1.0,D,0.0,0.0,2.72,3.15,2.29,1.98,1.78,5.0,7.0,4.0,7.0,1.2,1.52,3.21,2.2,3.17,1.7,1.98,1.02,7.9,1.28,3.42,3.28,1.25,6.15,1.1,1.31,,1.38,,,1.41,2.66,2.81,1.39,7.5,1.05,23.0,1.01,1.25,3.6,2.19,1.62,4.8,1.14,13.0,1.03,3.15,2.38,2.68,,,1.49,1.87,3.0,3.32,4.94,2.38,1.83,1.48,1.24,1.09,,,
2026-05-02,13:00:00,Omonia Nicosia,Aris,3.0,0.0,H,2.0,0.0,1.46,4.75,5.63,1.53,2.21,4.0,3.0,3.0,3.0,1.45,1.06,1.97,2.29,5.2,1.63,2.02,1.01,13.2,1.16,4.57,2.43,1.51,4.2,1.22,1.14,,2.18,,,1.25,3.6,2.4,1.57,5.2,1.12,15.0,1.03,1.15,4.7,1.84,1.89,3.4,1.25,8.5,1.07,1.79,2.84,5.12,,,1.17,1.38,1.87,2.09,2.7,3.92,2.7,2.05,1.66,1.38,,,
2026-05-03,11:00:00,APOEL,AEK Larnaca,1.0,0.0,H,0.0,0.0,2.62,3.1,2.4,2.07,1.72,4.0,3.0,7.0,7.0,1.27,1.35,3.13,1.97,3.24,1.77,1.87,1.01,9.0,1.3,2.97,3.79,1.2,7.6,1.03,1.3,,1.4,,,1.41,2.69,2.99,1.33,7.3,1.05,26.0,1.01,1.26,3.6,2.31,1.56,4.8,1.13,13.0,1.03,3.0,2.3,2.8,,,1.47,1.84,2.36,3.24,4.77,2.43,1.86,1.5,1.26,1.1,,,
2026-05-15,13:00:00,Olympiakos,Anorthosis,1.0,0.0,H,0.0,0.0,1.48,3.7,4.3,2.25,1.57,6.0,2.0,7.0,4.0,2.12,0.82,2.3,2.03,5.78,2.1,1.67,1.08,7.5,1.4,2.7,4.4,1.18,9.5,1.06,1.3,,2.05,,,1.49,2.5,3.16,1.3,8.1,1.03,29.0,1.01,1.33,3.0,2.5,1.44,5.3,1.11,17.0,1.03,2.05,2.32,4.95,,,,1.67,,,,,2.05,,,,,,
2026-02-28,11:00:00,Ethnikos Achna,Omonia Aradippou,0.0,1.0,A,0.0,0.0,2.37,3.4,2.85,2.0,1.79,1.0,7.0,6.0,5.0,0.77,1.87,2.95,2.1,3.58,1.74,1.95,1.01,9.0,1.3,3.14,3.4,1.24,6.5,1.05,1.29,,1.57,,,1.36,2.77,2.65,1.36,6.4,1.08,23.0,1.01,1.25,3.8,2.15,1.62,4.75,1.17,12.0,1.04,2.7,2.38,3.1,,,1.36,1.67,2.48,2.77,3.91,2.77,2.07,1.65,1.36,1.17,,,
2026-03-01,12:00:00,AEK Larnaca,Olympiakos,1.0,1.0,D,0.0,1.0,1.27,5.23,9.18,1.72,2.05,6.0,6.0,7.0,4.0,1.45,1.28,1.7,2.5,9.0,2.05,1.66,1.0,13.6,1.19,4.25,2.8,1.4,5.0,1.14,1.17,,3.25,,,1.31,3.1,2.61,1.48,5.2,1.13,12.0,1.02,1.22,3.9,1.94,1.79,3.5,1.2,10.0,1.05,1.57,2.94,7.5,,,1.56,1.96,3.26,3.62,5.5,2.25,1.75,1.42,1.2,1.06,,,
2026-03-01,11:00:00,Akritas,Digenis Ypsonas,1.0,3.0,A,1.0,0.0,3.04,3.06,2.4,2.35,1.57,5.0,9.0,4.0,3.0,1.39,1.94,3.5,2.05,2.9,1.91,1.8,1.04,7.1,1.44,2.63,4.6,1.17,9.1,1.0,1.53,,1.34,,,1.5,2.39,3.28,1.28,7.8,1.05,34.0,1.01,1.3,3.16,2.47,1.47,5.3,1.12,17.0,1.02,3.15,2.35,2.75,,,1.69,2.15,3.86,4.26,6.74,2.05,1.61,1.32,1.14,1.02,,,
2026-04-04,13:00:00,Omonia Nicosia,Paphos,2.0,0.0,H,2.0,0.0,1.91,3.4,3.3,1.7,2.12,6.0,1.0,2.0,5.0,1.33,1.01,2.47,2.24,3.68,1.58,2.23,1.01,8.9,1.16,4.25,2.56,1.4,4.75,1.12,1.26,,1.82,,,1.31,3.1,2.41,1.49,6.0,1.11,15.0,1.02,1.2,4.4,1.91,1.7,3.7,1.24,9.0,1.06,2.38,2.55,3.84,,,1.24,1.5,1.85,2.35,3.16,3.32,2.37,1.85,1.51,1.27,,,
2026-03-02,14:00:00,Omonia Nicosia,Apollon,1.0,1.0,D,1.0,1.0,1.95,3.35,3.6,2.0,1.85,4.0,3.0,8.0,5.0,1.3,1.26,2.6,2.2,3.8,1.75,1.95,1.0,9.0,1.28,3.5,3.1,1.3,6.0,1.11,1.3,,1.75,,,1.37,2.81,2.62,1.42,5.8,1.1,21.0,1.01,1.19,3.7,2.05,1.67,4.5,1.18,11.0,1.04,2.22,2.4,3.6,,,1.22,1.51,2.13,2.37,3.2,3.28,2.35,1.83,1.53,1.3,1.3,9.2,5.08
2026-04-05,13:00:00,Apollon,AEK Larnaca,1.0,1.0,D,0.0,0.0,2.35,3.1,2.8,2.2,1.65,5.0,3.0,15.0,2.0,2.0,0.9,2.95,1.95,3.91,1.86,1.83,1.04,6.95,1.36,2.74,3.75,1.22,7.3,1.03,1.28,,1.53,,,1.47,2.66,3.1,1.31,9.0,1.04,17.0,1.01,1.28,3.25,2.4,1.52,5.5,1.12,15.0,1.03,2.69,2.27,3.38,,,1.37,1.7,2.05,2.83,4.03,2.71,2.03,1.67,1.34,1.16,,,
2026-03-07,14:00:00,Omonia Aradippou,Omonia Nicosia,0.0,2.0,A,0.0,2.0,4.8,3.75,1.6,1.8,2.0,7.0,7.0,5.0,1.0,1.67,1.74,5.43,2.3,2.12,1.79,1.92,1.0,12.0,1.21,3.58,3.03,1.33,5.25,1.09,1.22,,1.12,,,1.35,3.05,2.56,1.44,6.0,1.1,19.0,1.02,1.18,4.3,2.05,1.7,4.33,1.22,11.0,1.05,5.04,2.64,1.91,,,1.24,1.5,2.1,2.35,3.16,3.32,2.37,1.83,1.51,1.27,,,
2026-04-19,13:00:00,Digenis Ypsonas,Ethnikos Achna,3.0,1.0,H,1.0,0.0,2.8,3.2,2.25,2.0,1.73,4.0,10.0,3.0,9.0,1.02,2.46,3.4,2.1,2.88,1.8,1.91,1.01,8.7,1.33,3.0,3.5,1.25,6.8,1.04,1.29,,1.4,,,1.37,2.81,2.9,1.35,7.5,1.04,23.0,1.01,1.28,3.4,2.31,1.57,5.0,1.15,13.0,1.03,3.32,2.25,2.8,,,,1.9,,,,,1.77,,,,,,
2026-04-26,13:00:00,Apollon,Omonia Nicosia,2.0,3.0,A,1.0,2.0,3.5,3.25,1.91,1.78,1.98,4.0,8.0,6.0,5.0,1.24,1.72,3.75,2.25,2.5,1.62,2.0,1.04,8.7,1.21,3.6,2.74,1.36,4.95,1.13,1.3,,1.24,,,1.36,2.85,2.4,1.44,6.5,1.08,19.0,1.02,1.19,3.9,2.0,1.77,4.2,1.2,10.0,1.05,3.4,2.53,2.45,,,1.17,1.39,1.88,2.11,2.74,3.87,2.67,2.04,1.65,1.37,2.73,8.6,1.57
2026-05-08,13:00:00,Anorthosis,Digenis Ypsonas,5.0,2.0,H,1.0,1.0,1.78,3.3,4.2,1.95,1.75,8.0,6.0,6.0,2.0,2.16,1.37,2.3,2.15,4.5,1.8,1.85,1.02,9.0,1.3,3.08,3.4,1.25,6.1,1.08,1.3,,1.95,,,1.4,2.69,2.99,1.39,7.5,1.05,23.0,1.01,1.29,3.4,2.2,1.6,5.0,1.15,13.0,1.03,2.2,2.3,4.33,,,1.31,1.6,2.0,2.59,3.58,2.97,2.17,1.72,1.41,1.21,1.4,8.25,4.17
2026-05-15,13:00:00,Akritas,AEL,1.0,2.0,A,1.0,1.0,1.7,3.6,4.52,1.8,1.95,4.0,5.0,10.0,1.0,2.13,1.3,2.4,2.25,4.44,1.67,2.1,1.04,11.0,1.27,3.75,3.0,1.36,5.5,1.14,1.25,,1.85,,,1.34,2.95,2.59,1.43,6.0,1.08,19.0,1.02,1.22,3.9,2.0,1.73,4.2,1.2,10.0,1.05,2.21,2.51,3.55,,,,1.77,,,,,1.9,,,,,,
2026-04-26,11:00:00,APOEL,Paphos,3.0,3.0,D,2.0,1.0,2.89,3.5,2.05,1.98,1.85,5.0,3.0,4.0,7.0,1.12,1.21,3.5,2.2,2.7,1.67,1.95,1.05,10.0,1.3,3.28,3.15,1.3,5.75,1.08,1.27,,1.33,,,1.35,2.9,2.62,1.4,6.8,1.06,21.0,1.01,1.25,3.6,2.07,1.58,4.6,1.17,12.0,1.04,3.36,2.3,2.5,,,1.34,1.65,2.42,2.7,3.84,2.84,2.1,1.65,1.38,1.18,2.43,6.99,1.92
2026-05-06,13:00:00,Aris,APOEL,1.0,0.0,H,0.0,0.0,2.25,3.6,2.6,1.75,1.95,7.0,7.0,8.0,6.0,2.04,1.76,2.8,2.25,3.2,1.62,2.15,1.04,12.0,1.22,3.8,2.9,1.36,5.0,1.13,1.3,,1.5,,,1.31,3.1,2.71,1.47,5.8,1.09,19.0,1.02,1.2,4.0,1.95,1.75,4.0,1.2,9.5,1.05,2.7,2.45,3.08,,,1.3,1.58,1.9,2.53,3.48,3.04,2.21,1.77,1.43,1.22,,,
2026-05-16,12:00:00,AEK Larnaca,Paphos,2.0,2.0,D,1.0,1.0,2.3,3.13,3.14,1.98,1.79,3.0,6.0,2.0,3.0,0.84,1.73,2.9,2.15,3.2,1.75,1.95,1.06,9.0,1.3,3.25,3.38,1.29,6.5,1.1,1.33,,1.53,,,1.41,2.66,2.93,1.38,6.9,1.06,23.0,1.01,1.25,3.5,2.15,1.62,4.75,1.17,12.0,1.04,2.75,2.3,3.2,,,1.5,1.87,3.0,3.34,4.97,2.37,1.83,1.48,1.24,1.09,,,
2026-04-18,12:00:00,Omonia Nicosia,APOEL,2.0,0.0,H,2.0,0.0,1.5,4.2,4.65,1.69,2.11,5.0,3.0,4.0,9.0,1.29,1.1,2.1,2.3,4.77,1.75,2.0,1.01,12.0,1.22,4.21,2.56,1.36,4.55,1.16,1.08,,2.3,,,1.31,3.0,2.41,1.44,5.4,1.1,17.0,1.02,1.16,4.6,2.0,1.75,4.0,1.23,10.0,1.05,1.86,2.6,4.8,,,1.24,1.5,1.85,2.35,3.16,3.32,2.37,1.85,1.51,1.27,,,
2026-04-18,12:00:00,Paphos,AEK Larnaca,1.0,1.0,D,1.0,0.0,2.03,3.17,3.4,1.95,1.79,2.0,6.0,6.0,6.0,0.92,1.85,2.63,2.07,4.24,1.73,2.0,1.01,8.3,1.36,2.95,3.08,1.28,5.6,1.1,1.33,,1.65,,,1.39,2.73,2.73,1.39,7.5,1.08,23.0,1.01,1.22,3.8,2.2,1.65,4.6,1.17,12.0,1.04,2.3,2.48,3.7,,,1.52,1.91,3.12,3.46,5.2,2.32,1.79,1.45,1.22,1.08,,,
2026-04-25,13:00:00,AEK Larnaca,Aris,2.0,0.0,H,1.0,0.0,1.9,3.4,3.45,1.62,2.2,6.0,3.0,3.0,7.0,1.26,1.01,2.48,2.43,3.96,1.53,2.3,1.03,13.0,1.18,4.4,2.6,1.44,4.55,1.13,1.17,,1.85,,,1.37,3.08,2.48,1.52,5.5,1.12,15.0,1.02,1.18,4.33,1.85,1.85,3.7,1.25,8.5,1.06,2.22,2.65,3.58,,,1.43,1.78,2.74,3.06,4.43,2.54,1.93,1.55,1.29,1.12,,,
